Year,Team,W,L,W/L%,GB,PS/G,PA/G,SRS,Playoffs,Losing_season
1991,Boston Celtics,56,26,0.6829999999999999,—,111.5,105.7,5.22,Y,N
1991,Philadelphia 76ers,44,38,0.537,12.0,105.4,105.6,-0.39,Y,N
1991,New York Knicks,39,43,0.47600000000000003,17.0,103.1,103.3,-0.43,Y,Y
1991,Washington Bullets,30,52,0.366,26.0,101.4,106.4,-4.84,N,Y
1991,New Jersey Nets,26,56,0.317,30.0,102.9,107.5,-4.53,N,Y
1991,Miami Heat,24,58,0.293,32.0,101.8,107.8,-5.91,N,Y
1991,Chicago Bulls,61,21,0.7440000000000001,—,110.0,101.0,8.57,Y,N
1991,Detroit Pistons,50,32,0.61,11.0,100.1,96.8,3.08,Y,N
1991,Milwaukee Bucks,48,34,0.585,13.0,106.4,104.0,2.33,Y,N
1991,Atlanta Hawks,43,39,0.524,18.0,109.8,109.0,0.72,Y,N
1991,Indiana Pacers,41,41,0.5,20.0,111.7,112.1,-0.37,Y,N
1991,Cleveland Cavaliers,33,49,0.402,28.0,101.7,104.2,-2.33,N,Y
1991,Charlotte Hornets,26,56,0.317,35.0,102.8,108.0,-4.95,N,Y
1991,San Antonio Spurs,55,27,0.6709999999999999,—,107.1,102.6,4.3,Y,N
1991,Utah Jazz,54,28,0.659,1.0,104.0,100.7,3.18,Y,N
1991,Houston Rockets,52,30,0.634,3.0,106.7,103.2,3.27,Y,N
1991,Orlando Magic,31,51,0.37799999999999995,24.0,105.9,109.9,-3.79,N,Y
1991,Minnesota Timberwolves,29,53,0.354,26.0,99.6,103.5,-3.75,N,Y
1991,Dallas Mavericks,28,54,0.341,27.0,99.9,104.5,-4.27,N,Y
1991,Denver Nuggets,20,62,0.244,35.0,119.9,130.8,-10.31,N,Y
1991,Portland Trail Blazers,63,19,0.768,—,114.7,106.0,8.47,Y,N
1991,Los Angeles Lakers,58,24,0.7070000000000001,5.0,106.3,99.6,6.73,Y,N
1991,Phoenix Suns,55,27,0.6709999999999999,8.0,114.0,107.5,6.49,Y,N
1991,Golden State Warriors,44,38,0.537,19.0,116.6,115.0,1.72,Y,N
1991,Seattle SuperSonics,41,41,0.5,22.0,106.6,105.4,1.31,Y,N
1991,Los Angeles Clippers,31,51,0.37799999999999995,32.0,103.5,107.0,-3.16,N,Y
1991,Sacramento Kings,25,57,0.305,38.0,96.7,103.5,-6.27,N,Y
1992,Boston Celtics,51,31,0.622,—,106.6,103.0,3.41,Y,N
1992,New York Knicks,51,31,0.622,—,101.6,97.7,3.67,Y,N
1992,New Jersey Nets,40,42,0.488,11.0,105.4,107.1,-1.54,Y,Y
1992,Miami Heat,38,44,0.46299999999999997,13.0,105.0,109.2,-3.94,Y,Y
1992,Philadelphia 76ers,35,47,0.42700000000000005,16.0,101.9,103.2,-1.34,N,Y
1992,Washington Bullets,25,57,0.305,26.0,102.4,106.8,-4.35,N,Y
1992,Orlando Magic,21,61,0.256,30.0,101.6,108.5,-6.52,N,Y
1992,Chicago Bulls,67,15,0.8170000000000001,—,109.9,99.5,10.07,Y,N
1992,Cleveland Cavaliers,57,25,0.695,10.0,108.9,103.4,5.34,Y,N
1992,Detroit Pistons,48,34,0.585,19.0,98.9,96.9,2.06,Y,N
1992,Indiana Pacers,40,42,0.488,27.0,112.2,110.3,1.85,Y,Y
1992,Atlanta Hawks,38,44,0.46299999999999997,29.0,106.2,107.7,-1.15,N,Y
1992,Milwaukee Bucks,31,51,0.37799999999999995,36.0,105.0,106.7,-1.46,N,Y
1992,Charlotte Hornets,31,51,0.37799999999999995,36.0,109.5,113.4,-3.57,N,Y
1992,Utah Jazz,55,27,0.6709999999999999,—,108.3,101.9,5.7,Y,N
1992,San Antonio Spurs,47,35,0.573,8.0,104.0,100.6,2.81,Y,N
1992,Houston Rockets,42,40,0.512,13.0,102.0,103.7,-1.94,N,N
1992,Denver Nuggets,24,58,0.293,31.0,99.7,107.6,-7.59,N,Y
1992,Dallas Mavericks,22,60,0.268,33.0,97.6,105.3,-7.47,N,Y
1992,Minnesota Timberwolves,15,67,0.183,40.0,100.5,107.5,-6.85,N,Y
1992,Portland Trail Blazers,57,25,0.695,—,111.4,104.1,6.94,Y,N
1992,Golden State Warriors,55,27,0.6709999999999999,2.0,118.7,114.8,3.77,Y,N
1992,Phoenix Suns,53,29,0.6459999999999999,4.0,112.1,106.2,5.68,Y,N
1992,Seattle SuperSonics,47,35,0.573,10.0,106.5,104.7,1.86,Y,N
1992,Los Angeles Clippers,45,37,0.5489999999999999,12.0,102.9,101.9,1.1,Y,N
1992,Los Angeles Lakers,43,39,0.524,14.0,100.4,101.5,-0.95,Y,N
1992,Sacramento Kings,29,53,0.354,28.0,104.3,110.3,-5.63,N,Y
1993,New York Knicks,60,22,0.732,—,101.6,95.4,5.87,Y,N
1993,Boston Celtics,48,34,0.585,12.0,103.7,102.8,0.93,Y,N
1993,New Jersey Nets,43,39,0.524,17.0,102.8,101.6,1.2,Y,N
1993,Orlando Magic,41,41,0.5,19.0,105.5,104.2,1.35,N,N
1993,Miami Heat,36,46,0.439,24.0,103.6,104.7,-0.93,N,Y
1993,Philadelphia 76ers,26,56,0.317,34.0,104.3,110.1,-5.25,N,Y
1993,Washington Bullets,22,60,0.268,38.0,101.9,108.9,-6.49,N,Y
1993,Chicago Bulls,57,25,0.695,—,105.2,98.9,6.19,Y,N
1993,Cleveland Cavaliers,54,28,0.659,3.0,107.7,101.3,6.3,Y,N
1993,Charlotte Hornets,44,38,0.537,13.0,110.1,110.4,-0.02,Y,N
1993,Atlanta Hawks,43,39,0.524,14.0,107.5,108.4,-0.67,Y,N
1993,Indiana Pacers,41,41,0.5,16.0,107.8,106.1,1.77,Y,N
1993,Detroit Pistons,40,42,0.488,17.0,100.6,102.0,-1.1,N,Y
1993,Milwaukee Bucks,28,54,0.341,29.0,102.3,106.1,-3.26,N,Y
1993,Houston Rockets,55,27,0.6709999999999999,—,104.0,99.8,3.57,Y,N
1993,San Antonio Spurs,49,33,0.598,6.0,105.5,102.8,2.21,Y,N
1993,Utah Jazz,47,35,0.573,8.0,106.2,104.0,1.74,Y,N
1993,Denver Nuggets,36,46,0.439,19.0,105.2,106.9,-2.14,N,Y
1993,Minnesota Timberwolves,19,63,0.23199999999999998,36.0,98.1,105.9,-7.62,N,Y
1993,Dallas Mavericks,11,71,0.134,44.0,99.3,114.5,-14.68,N,Y
1993,Phoenix Suns,62,20,0.7559999999999999,—,113.4,106.7,6.27,Y,N
1993,Seattle SuperSonics,55,27,0.6709999999999999,7.0,108.3,101.3,6.66,Y,N
1993,Portland Trail Blazers,51,31,0.622,11.0,108.5,105.4,2.92,Y,N
1993,Los Angeles Clippers,41,41,0.5,21.0,107.1,106.8,0.33,Y,N
1993,Los Angeles Lakers,39,43,0.47600000000000003,23.0,104.2,105.5,-1.2,Y,Y
1993,Golden State Warriors,34,48,0.415,28.0,109.9,110.9,-0.94,N,Y
1993,Sacramento Kings,25,57,0.305,37.0,107.9,111.1,-3.0,N,Y
1994,New York Knicks,57,25,0.695,—,98.5,91.5,6.48,Y,N
1994,Orlando Magic,50,32,0.61,7.0,105.7,101.8,3.68,Y,N
1994,New Jersey Nets,45,37,0.5489999999999999,12.0,103.2,101.0,2.11,Y,N
1994,Miami Heat,42,40,0.512,15.0,103.4,100.7,2.4,Y,N
1994,Boston Celtics,32,50,0.39,25.0,100.8,105.1,-4.28,N,Y
1994,Philadelphia 76ers,25,57,0.305,32.0,98.0,105.6,-7.37,N,Y
1994,Washington Bullets,24,58,0.293,33.0,100.4,107.7,-7.13,N,Y
1994,Atlanta Hawks,57,25,0.695,—,101.4,96.2,4.94,Y,N
1994,Chicago Bulls,55,27,0.6709999999999999,2.0,98.0,94.9,2.87,Y,N
1994,Indiana Pacers,47,35,0.573,10.0,101.0,97.5,3.26,Y,N
1994,Cleveland Cavaliers,47,35,0.573,10.0,101.2,97.1,3.64,Y,N
1994,Charlotte Hornets,41,41,0.5,16.0,106.5,106.7,-0.23,N,N
1994,Milwaukee Bucks,20,62,0.244,37.0,96.9,103.4,-6.24,N,Y
1994,Detroit Pistons,20,62,0.244,37.0,96.9,104.7,-7.46,N,Y
1994,Houston Rockets,58,24,0.7070000000000001,—,101.1,96.8,4.19,Y,N
1994,San Antonio Spurs,55,27,0.6709999999999999,3.0,100.0,94.8,5.05,Y,N
1994,Utah Jazz,53,29,0.6459999999999999,5.0,101.9,97.7,4.1,Y,N
1994,Denver Nuggets,42,40,0.512,16.0,100.3,98.8,1.54,Y,N
1994,Minnesota Timberwolves,20,62,0.244,38.0,96.7,103.6,-6.55,N,Y
1994,Dallas Mavericks,13,69,0.159,45.0,95.1,103.8,-8.19,N,Y
1994,Seattle SuperSonics,63,19,0.768,—,105.9,96.9,8.68,Y,N
1994,Phoenix Suns,56,26,0.6829999999999999,7.0,108.2,103.4,4.68,Y,N
1994,Golden State Warriors,50,32,0.61,13.0,107.9,106.1,1.76,Y,N
1994,Portland Trail Blazers,47,35,0.573,16.0,107.3,104.6,2.6,Y,N
1994,Los Angeles Lakers,33,49,0.402,30.0,100.4,104.7,-3.93,N,Y
1994,Sacramento Kings,28,54,0.341,35.0,101.1,106.9,-5.32,N,Y
1994,Los Angeles Clippers,27,55,0.32899999999999996,36.0,103.0,108.7,-5.28,N,Y
1995,Orlando Magic,57,25,0.695,—,110.9,103.8,6.44,Y,N
1995,New York Knicks,55,27,0.6709999999999999,2.0,98.2,95.1,2.78,Y,N
1995,Boston Celtics,35,47,0.42700000000000005,22.0,102.8,104.7,-1.92,Y,Y
1995,Miami Heat,32,50,0.39,25.0,101.1,102.8,-1.85,N,Y
1995,New Jersey Nets,30,52,0.366,27.0,98.1,101.2,-3.28,N,Y
1995,Philadelphia 76ers,24,58,0.293,33.0,95.4,100.4,-5.06,N,Y
1995,Washington Bullets,21,61,0.256,36.0,100.5,106.1,-5.56,N,Y
1995,Indiana Pacers,52,30,0.634,—,99.2,95.5,3.35,Y,N
1995,Charlotte Hornets,50,32,0.61,2.0,100.6,97.3,2.87,Y,N
1995,Chicago Bulls,47,35,0.573,5.0,101.5,96.7,4.32,Y,N
1995,Cleveland Cavaliers,43,39,0.524,9.0,90.5,89.8,0.55,Y,N
1995,Atlanta Hawks,42,40,0.512,10.0,96.6,95.3,1.06,Y,N
1995,Milwaukee Bucks,34,48,0.415,18.0,99.3,103.7,-4.3,N,Y
1995,Detroit Pistons,28,54,0.341,24.0,98.2,105.5,-7.08,N,Y
1995,San Antonio Spurs,62,20,0.7559999999999999,—,106.6,100.6,5.9,Y,N
1995,Utah Jazz,60,22,0.732,2.0,106.4,98.4,7.76,Y,N
1995,Houston Rockets,47,35,0.573,15.0,103.5,101.4,2.32,Y,N
1995,Denver Nuggets,41,41,0.5,21.0,101.3,100.5,0.96,Y,N
1995,Dallas Mavericks,36,46,0.439,26.0,103.2,106.1,-2.39,N,Y
1995,Minnesota Timberwolves,21,61,0.256,41.0,94.2,103.2,-8.22,N,Y
1995,Phoenix Suns,59,23,0.72,—,110.6,106.8,3.86,Y,N
1995,Seattle SuperSonics,57,25,0.695,2.0,110.4,102.2,7.91,Y,N
1995,Los Angeles Lakers,48,34,0.585,11.0,105.1,105.3,-0.01,Y,N
1995,Portland Trail Blazers,44,38,0.537,15.0,103.1,99.2,3.8,Y,N
1995,Sacramento Kings,39,43,0.47600000000000003,20.0,98.2,99.2,-0.74,N,Y
1995,Golden State Warriors,26,56,0.317,33.0,105.7,111.1,-4.9,N,Y
1995,Los Angeles Clippers,17,65,0.207,42.0,96.7,105.8,-8.43,N,Y
1996,Orlando Magic,60,22,0.732,—,104.5,99.0,5.4,Y,N
1996,New York Knicks,47,35,0.573,13.0,97.2,94.9,2.24,Y,N
1996,Miami Heat,42,40,0.512,18.0,96.5,95.0,1.46,Y,N
1996,Washington Bullets,39,43,0.47600000000000003,21.0,102.5,101.5,0.99,N,Y
1996,Boston Celtics,33,49,0.402,27.0,103.6,107.0,-3.37,N,Y
1996,New Jersey Nets,30,52,0.366,30.0,93.7,97.9,-4.14,N,Y
1996,Philadelphia 76ers,18,64,0.22,42.0,94.5,104.5,-9.45,N,Y
1996,Chicago Bulls,72,10,0.878,—,105.2,92.9,11.8,Y,N
1996,Indiana Pacers,52,30,0.634,20.0,99.3,96.1,3.11,Y,N
1996,Cleveland Cavaliers,47,35,0.573,25.0,91.1,88.5,2.49,Y,N
1996,Atlanta Hawks,46,36,0.561,26.0,98.3,97.1,1.29,Y,N
1996,Detroit Pistons,46,36,0.561,26.0,95.4,92.9,2.45,Y,N
1996,Charlotte Hornets,41,41,0.5,31.0,102.8,103.4,-0.48,N,N
1996,Milwaukee Bucks,25,57,0.305,47.0,95.6,100.9,-4.92,N,Y
1996,Toronto Raptors,21,61,0.256,51.0,97.5,105.0,-7.2,N,Y
1996,San Antonio Spurs,59,23,0.72,—,103.4,97.1,5.98,Y,N
1996,Utah Jazz,55,27,0.6709999999999999,4.0,102.5,95.9,6.25,Y,N
1996,Houston Rockets,48,34,0.585,11.0,102.5,100.7,1.63,Y,N
1996,Denver Nuggets,35,47,0.42700000000000005,24.0,97.7,100.4,-2.62,N,Y
1996,Minnesota Timberwolves,26,56,0.317,33.0,97.9,103.2,-5.14,N,Y
1996,Dallas Mavericks,26,56,0.317,33.0,102.5,107.5,-4.71,N,Y
1996,Vancouver Grizzlies,15,67,0.183,44.0,89.8,99.8,-9.55,N,Y
1996,Seattle SuperSonics,64,18,0.78,—,104.5,96.7,7.4,Y,N
1996,Los Angeles Lakers,53,29,0.6459999999999999,11.0,102.9,98.5,4.21,Y,N
1996,Portland Trail Blazers,44,38,0.537,20.0,99.3,97.0,2.21,Y,N
1996,Phoenix Suns,41,41,0.5,23.0,104.3,104.0,0.28,Y,N
1996,Sacramento Kings,39,43,0.47600000000000003,25.0,99.5,102.3,-2.62,Y,Y
1996,Golden State Warriors,36,46,0.439,28.0,101.6,103.1,-1.42,N,Y
1996,Los Angeles Clippers,29,53,0.354,35.0,99.4,103.0,-3.46,N,Y
1997,Miami Heat,61,21,0.7440000000000001,—,94.8,89.3,5.56,Y,N
1997,New York Knicks,57,25,0.695,4.0,95.4,92.2,3.31,Y,N
1997,Orlando Magic,45,37,0.5489999999999999,16.0,94.1,94.5,-0.07,Y,N
1997,Washington Bullets,44,38,0.537,17.0,99.4,97.7,1.77,Y,N
1997,New Jersey Nets,26,56,0.317,35.0,97.2,101.8,-3.89,N,Y
1997,Philadelphia 76ers,22,60,0.268,39.0,100.2,106.7,-5.89,N,Y
1997,Boston Celtics,15,67,0.183,46.0,100.6,107.9,-6.62,N,Y
1997,Chicago Bulls,69,13,0.841,—,103.1,92.3,10.7,Y,N
1997,Atlanta Hawks,56,26,0.6829999999999999,13.0,94.8,89.4,5.52,Y,N
1997,Detroit Pistons,54,28,0.659,15.0,94.2,88.9,5.45,Y,N
1997,Charlotte Hornets,54,28,0.659,15.0,98.9,97.0,2.13,Y,N
1997,Cleveland Cavaliers,42,40,0.512,27.0,87.5,85.6,2.32,N,N
1997,Indiana Pacers,39,43,0.47600000000000003,30.0,95.4,94.4,1.49,N,Y
1997,Milwaukee Bucks,33,49,0.402,36.0,95.3,97.2,-1.38,N,Y
1997,Toronto Raptors,30,52,0.366,39.0,95.5,98.6,-2.56,N,Y
1997,Utah Jazz,64,18,0.78,—,103.1,94.3,7.97,Y,N
1997,Houston Rockets,57,25,0.695,7.0,100.6,96.1,3.85,Y,N
1997,Minnesota Timberwolves,40,42,0.488,24.0,96.1,97.6,-1.82,Y,Y
1997,Dallas Mavericks,24,58,0.293,40.0,90.6,97.0,-6.47,N,Y
1997,Denver Nuggets,21,61,0.256,43.0,97.8,104.1,-6.4,N,Y
1997,San Antonio Spurs,20,62,0.244,44.0,90.5,98.3,-7.93,N,Y
1997,Vancouver Grizzlies,14,68,0.171,50.0,89.2,99.4,-10.17,N,Y
1997,Seattle SuperSonics,57,25,0.695,—,100.9,93.2,6.91,Y,N
1997,Los Angeles Lakers,56,26,0.6829999999999999,1.0,100.0,95.7,3.66,Y,N
1997,Portland Trail Blazers,49,33,0.598,8.0,99.0,94.8,3.56,Y,N
1997,Phoenix Suns,40,42,0.488,17.0,102.8,102.2,0.21,Y,Y
1997,Los Angeles Clippers,36,46,0.439,21.0,97.2,99.5,-2.66,Y,Y
1997,Sacramento Kings,34,48,0.415,23.0,96.4,99.8,-3.64,N,Y
1997,Golden State Warriors,30,52,0.366,27.0,99.6,104.4,-4.9,N,Y
1998,Miami Heat,55,27,0.6709999999999999,—,95.0,90.0,5.09,Y,N
1998,New York Knicks,43,39,0.524,12.0,91.6,89.1,2.74,Y,N
1998,New Jersey Nets,43,39,0.524,12.0,99.6,98.1,1.88,Y,N
1998,Washington Wizards,42,40,0.512,13.0,97.2,96.6,1.11,N,N
1998,Orlando Magic,41,41,0.5,14.0,90.1,91.2,-0.53,N,N
1998,Boston Celtics,36,46,0.439,19.0,95.9,98.5,-1.96,N,Y
1998,Philadelphia 76ers,31,51,0.37799999999999995,24.0,93.3,95.7,-1.89,N,Y
1998,Chicago Bulls,62,20,0.7559999999999999,—,96.7,89.6,7.24,Y,N
1998,Indiana Pacers,58,24,0.7070000000000001,4.0,96.0,89.9,6.25,Y,N
1998,Charlotte Hornets,51,31,0.622,11.0,96.6,94.6,2.45,Y,N
1998,Atlanta Hawks,50,32,0.61,12.0,95.9,92.3,3.85,Y,N
1998,Cleveland Cavaliers,47,35,0.573,15.0,92.5,89.8,3.06,Y,N
1998,Detroit Pistons,37,45,0.451,25.0,94.2,92.6,1.95,N,Y
1998,Milwaukee Bucks,36,46,0.439,26.0,94.5,96.4,-1.33,N,Y
1998,Toronto Raptors,16,66,0.195,46.0,94.9,104.2,-8.33,N,Y
1998,Utah Jazz,62,20,0.7559999999999999,—,101.0,94.4,5.73,Y,N
1998,San Antonio Spurs,56,26,0.6829999999999999,6.0,92.5,88.5,3.3,Y,N
1998,Minnesota Timberwolves,45,37,0.5489999999999999,17.0,101.1,100.4,0.17,Y,N
1998,Houston Rockets,41,41,0.5,21.0,98.8,99.5,-1.23,Y,N
1998,Dallas Mavericks,20,62,0.244,42.0,91.4,97.5,-6.33,N,Y
1998,Vancouver Grizzlies,19,63,0.23199999999999998,43.0,96.6,103.9,-7.47,N,Y
1998,Denver Nuggets,11,71,0.134,51.0,89.0,100.8,-11.74,N,Y
1998,Seattle SuperSonics,61,21,0.7440000000000001,—,100.6,93.4,6.33,Y,N
1998,Los Angeles Lakers,61,21,0.7440000000000001,—,105.5,97.8,6.88,Y,N
1998,Phoenix Suns,56,26,0.6829999999999999,5.0,99.6,94.4,4.44,Y,N
1998,Portland Trail Blazers,46,36,0.561,15.0,94.3,92.9,0.83,Y,N
1998,Sacramento Kings,27,55,0.32899999999999996,34.0,93.1,98.7,-5.83,N,Y
1998,Golden State Warriors,19,63,0.23199999999999998,42.0,88.3,97.4,-9.2,N,Y
1998,Los Angeles Clippers,17,65,0.207,44.0,95.9,103.3,-7.53,N,Y
1999,Miami Heat,33,17,0.66,—,89.0,84.0,5.11,Y,N
1999,Orlando Magic,33,17,0.66,—,89.5,86.9,3.11,Y,N
1999,Philadelphia 76ers,28,22,0.56,5.0,89.7,87.6,2.56,Y,N
1999,New York Knicks,27,23,0.54,6.0,86.4,85.4,1.45,Y,N
1999,Boston Celtics,19,31,0.38,14.0,93.0,94.9,-1.75,N,Y
1999,Washington Wizards,18,32,0.36,15.0,91.2,93.4,-1.75,N,Y
1999,New Jersey Nets,16,34,0.32,17.0,91.4,95.2,-3.2,N,Y
1999,Indiana Pacers,33,17,0.66,—,94.7,90.9,3.86,Y,N
1999,Atlanta Hawks,31,19,0.62,2.0,86.3,83.4,2.82,Y,N
1999,Detroit Pistons,29,21,0.58,4.0,90.4,86.9,3.97,Y,N
1999,Milwaukee Bucks,28,22,0.56,5.0,91.7,90.0,1.66,Y,N
1999,Charlotte Hornets,26,24,0.52,7.0,92.9,93.0,0.63,N,N
1999,Toronto Raptors,23,27,0.46,10.0,91.1,92.8,-1.32,N,Y
1999,Cleveland Cavaliers,22,28,0.44,11.0,86.4,88.2,-0.94,N,Y
1999,Chicago Bulls,13,37,0.26,20.0,81.9,91.4,-8.58,N,Y
1999,San Antonio Spurs,37,13,0.74,—,92.8,84.7,7.12,Y,N
1999,Utah Jazz,37,13,0.74,—,93.3,86.8,5.54,Y,N
1999,Houston Rockets,31,19,0.62,6.0,94.2,91.9,1.39,Y,N
1999,Minnesota Timberwolves,25,25,0.5,12.0,92.9,92.6,-0.17,Y,N
1999,Dallas Mavericks,19,31,0.38,18.0,91.6,94.0,-2.5,N,Y
1999,Denver Nuggets,14,36,0.28,23.0,93.5,100.1,-6.67,N,Y
1999,Vancouver Grizzlies,8,42,0.16,29.0,88.9,97.5,-8.94,N,Y
1999,Portland Trail Blazers,35,15,0.7,—,94.8,88.5,5.67,Y,N
1999,Los Angeles Lakers,31,19,0.62,4.0,99.0,96.0,2.68,Y,N
1999,Phoenix Suns,27,23,0.54,8.0,95.6,93.3,2.15,Y,N
1999,Sacramento Kings,27,23,0.54,8.0,100.2,100.6,-0.89,Y,N
1999,Seattle SuperSonics,25,25,0.5,10.0,94.9,95.9,-1.43,N,N
1999,Golden State Warriors,21,29,0.42,14.0,88.3,90.8,-2.63,N,Y
1999,Los Angeles Clippers,9,41,0.18,26.0,90.4,99.2,-8.94,N,Y
2000,Miami Heat,52,30,0.634,—,94.4,91.3,2.75,Y,N
2000,New York Knicks,50,32,0.61,2.0,92.1,90.7,1.3,Y,N
2000,Philadelphia 76ers,49,33,0.598,3.0,94.8,93.4,1.02,Y,N
2000,Orlando Magic,41,41,0.5,11.0,100.1,99.4,0.43,N,N
2000,Boston Celtics,35,47,0.42700000000000005,17.0,99.3,100.1,-1.0,N,Y
2000,New Jersey Nets,31,51,0.37799999999999995,21.0,98.0,99.0,-1.18,N,Y
2000,Washington Wizards,29,53,0.354,23.0,96.6,99.9,-3.47,N,Y
2000,Indiana Pacers,56,26,0.6829999999999999,—,101.3,96.7,4.15,Y,N
2000,Charlotte Hornets,49,33,0.598,7.0,98.4,95.8,2.33,Y,N
2000,Toronto Raptors,45,37,0.5489999999999999,11.0,97.2,97.3,-0.46,Y,N
2000,Detroit Pistons,42,40,0.512,14.0,103.5,102.0,1.13,Y,N
2000,Milwaukee Bucks,42,40,0.512,14.0,101.2,101.0,-0.06,Y,N
2000,Cleveland Cavaliers,32,50,0.39,24.0,97.0,100.5,-3.64,N,Y
2000,Atlanta Hawks,28,54,0.341,28.0,94.3,99.7,-5.41,N,Y
2000,Chicago Bulls,17,65,0.207,39.0,84.8,94.2,-9.23,N,Y
2000,Utah Jazz,55,27,0.6709999999999999,—,96.5,92.0,4.52,Y,N
2000,San Antonio Spurs,53,29,0.6459999999999999,2.0,96.2,90.2,5.92,Y,N
2000,Minnesota Timberwolves,50,32,0.61,5.0,98.5,96.0,2.67,Y,N
2000,Dallas Mavericks,40,42,0.488,15.0,101.4,102.0,-0.29,N,Y
2000,Denver Nuggets,35,47,0.42700000000000005,20.0,99.0,101.1,-1.76,N,Y
2000,Houston Rockets,34,48,0.415,21.0,99.5,100.3,-0.57,N,Y
2000,Vancouver Grizzlies,22,60,0.268,33.0,93.9,99.5,-5.1,N,Y
2000,Los Angeles Lakers,67,15,0.8170000000000001,—,100.8,92.3,8.41,Y,N
2000,Portland Trail Blazers,59,23,0.72,8.0,97.5,91.0,6.36,Y,N
2000,Phoenix Suns,53,29,0.6459999999999999,14.0,98.9,93.7,5.24,Y,N
2000,Seattle SuperSonics,45,37,0.5489999999999999,22.0,99.1,98.1,1.17,Y,N
2000,Sacramento Kings,44,38,0.537,23.0,105.0,102.0,3.04,Y,N
2000,Golden State Warriors,19,63,0.23199999999999998,48.0,95.5,103.8,-7.63,N,Y
2000,Los Angeles Clippers,15,67,0.183,52.0,92.0,103.5,-10.73,N,Y
2001,Philadelphia 76ers,56,26,0.6829999999999999,—,94.7,90.4,3.64,Y,N
2001,Miami Heat,50,32,0.61,6.0,88.9,86.6,1.73,Y,N
2001,New York Knicks,48,34,0.585,8.0,88.7,86.1,1.98,Y,N
2001,Orlando Magic,43,39,0.524,13.0,97.5,96.5,0.39,Y,N
2001,Boston Celtics,36,46,0.439,20.0,94.6,96.8,-2.4,N,Y
2001,New Jersey Nets,26,56,0.317,30.0,92.1,97.1,-5.3,N,Y
2001,Washington Wizards,19,63,0.23199999999999998,37.0,93.2,99.9,-6.75,N,Y
2001,Milwaukee Bucks,52,30,0.634,—,100.7,96.9,3.14,Y,N
2001,Toronto Raptors,47,35,0.573,5.0,97.6,95.4,1.69,Y,N
2001,Charlotte Hornets,46,36,0.561,6.0,91.9,89.8,1.45,Y,N
2001,Indiana Pacers,41,41,0.5,11.0,92.6,92.8,-0.77,Y,N
2001,Detroit Pistons,32,50,0.39,20.0,95.6,97.3,-2.08,N,Y
2001,Cleveland Cavaliers,30,52,0.366,22.0,92.2,96.5,-4.48,N,Y
2001,Atlanta Hawks,25,57,0.305,27.0,91.0,96.2,-5.55,N,Y
2001,Chicago Bulls,15,67,0.183,37.0,87.6,96.7,-9.09,N,Y
2001,San Antonio Spurs,58,24,0.7070000000000001,—,96.2,88.4,7.92,Y,N
2001,Utah Jazz,53,29,0.6459999999999999,5.0,97.1,92.4,5.0,Y,N
2001,Dallas Mavericks,53,29,0.6459999999999999,5.0,100.5,96.2,4.61,Y,N
2001,Minnesota Timberwolves,47,35,0.573,11.0,97.3,96.0,1.81,Y,N
2001,Houston Rockets,45,37,0.5489999999999999,13.0,97.2,94.9,2.71,N,N
2001,Denver Nuggets,40,42,0.488,18.0,96.6,99.0,-1.83,N,Y
2001,Vancouver Grizzlies,23,59,0.28,35.0,91.7,97.5,-4.94,N,Y
2001,Los Angeles Lakers,56,26,0.6829999999999999,—,100.6,97.2,3.74,Y,N
2001,Sacramento Kings,55,27,0.6709999999999999,1.0,101.7,95.9,6.07,Y,N
2001,Phoenix Suns,51,31,0.622,5.0,94.0,91.8,2.63,Y,N
2001,Portland Trail Blazers,50,32,0.61,6.0,95.4,91.2,4.52,Y,N
2001,Seattle SuperSonics,44,38,0.537,12.0,97.3,97.3,0.55,N,N
2001,Los Angeles Clippers,31,51,0.37799999999999995,25.0,92.5,95.3,-2.23,N,Y
2001,Golden State Warriors,17,65,0.207,39.0,92.5,101.5,-8.11,N,Y
2002,New Jersey Nets,52,30,0.634,—,96.2,92.0,3.67,Y,N
2002,Boston Celtics,49,33,0.598,3.0,96.4,94.1,1.75,Y,N
2002,Orlando Magic,44,38,0.537,8.0,100.5,98.9,1.25,Y,N
2002,Philadelphia 76ers,43,39,0.524,9.0,91.0,89.4,1.27,Y,N
2002,Washington Wizards,37,45,0.451,15.0,92.8,94.2,-1.58,N,Y
2002,Miami Heat,36,46,0.439,16.0,87.2,88.7,-1.84,N,Y
2002,New York Knicks,30,52,0.366,22.0,91.6,95.6,-4.15,N,Y
2002,Detroit Pistons,50,32,0.61,—,94.3,92.2,1.69,Y,N
2002,Charlotte Hornets,44,38,0.537,6.0,93.9,92.9,0.57,Y,N
2002,Toronto Raptors,42,40,0.512,8.0,91.4,91.8,-0.71,Y,N
2002,Indiana Pacers,42,40,0.512,8.0,96.8,96.5,-0.07,Y,N
2002,Milwaukee Bucks,41,41,0.5,9.0,97.5,97.7,-0.62,N,N
2002,Atlanta Hawks,33,49,0.402,17.0,94.0,98.3,-4.41,N,Y
2002,Cleveland Cavaliers,29,53,0.354,21.0,95.3,98.6,-3.52,N,Y
2002,Chicago Bulls,21,61,0.256,29.0,89.5,98.0,-8.52,N,Y
2002,San Antonio Spurs,58,24,0.7070000000000001,—,96.7,90.5,6.28,Y,N
2002,Dallas Mavericks,57,25,0.695,1.0,105.2,101.0,4.41,Y,N
2002,Minnesota Timberwolves,50,32,0.61,8.0,99.3,96.0,3.58,Y,N
2002,Utah Jazz,44,38,0.537,14.0,96.0,95.1,1.21,Y,N
2002,Houston Rockets,28,54,0.341,30.0,92.3,97.2,-4.31,N,Y
2002,Denver Nuggets,27,55,0.32899999999999996,31.0,92.2,98.0,-5.19,N,Y
2002,Memphis Grizzlies,23,59,0.28,35.0,89.9,97.3,-6.74,N,Y
2002,Sacramento Kings,61,21,0.7440000000000001,—,104.6,97.0,7.61,Y,N
2002,Los Angeles Lakers,58,24,0.7070000000000001,3.0,101.3,94.1,7.15,Y,N
2002,Portland Trail Blazers,49,33,0.598,12.0,96.6,93.7,3.21,Y,N
2002,Seattle SuperSonics,45,37,0.5489999999999999,16.0,97.7,94.7,3.24,Y,N
2002,Los Angeles Clippers,39,43,0.47600000000000003,22.0,95.7,96.1,-0.09,N,Y
2002,Phoenix Suns,36,46,0.439,25.0,95.1,95.8,-0.3,N,Y
2002,Golden State Warriors,21,61,0.256,40.0,97.7,103.1,-4.8,N,Y
2003,New Jersey Nets,49,33,0.598,—,95.4,90.1,4.42,Y,N
2003,Philadelphia 76ers,48,34,0.585,1.0,96.8,94.5,1.76,Y,N
2003,Boston Celtics,44,38,0.537,5.0,92.7,93.1,-0.75,Y,N
2003,Orlando Magic,42,40,0.512,7.0,98.5,98.4,-0.39,Y,N
2003,Washington Wizards,37,45,0.451,12.0,91.5,92.5,-1.47,N,Y
2003,New York Knicks,37,45,0.451,12.0,95.9,97.2,-1.61,N,Y
2003,Miami Heat,25,57,0.305,24.0,85.6,90.6,-5.13,N,Y
2003,Detroit Pistons,50,32,0.61,—,91.4,87.7,2.97,Y,N
2003,Indiana Pacers,48,34,0.585,2.0,96.8,93.3,2.79,Y,N
2003,New Orleans Hornets,47,35,0.573,3.0,93.9,91.8,1.52,Y,N
2003,Milwaukee Bucks,42,40,0.512,8.0,99.5,99.3,-0.24,Y,N
2003,Atlanta Hawks,35,47,0.42700000000000005,15.0,94.1,97.6,-3.87,N,Y
2003,Chicago Bulls,30,52,0.366,20.0,95.0,100.1,-5.31,N,Y
2003,Toronto Raptors,24,58,0.293,26.0,90.9,96.8,-6.1,N,Y
2003,Cleveland Cavaliers,17,65,0.207,33.0,91.4,101.0,-9.59,N,Y
2003,San Antonio Spurs,60,22,0.732,—,95.8,90.4,5.65,Y,N
2003,Dallas Mavericks,60,22,0.732,—,103.0,95.2,7.9,Y,N
2003,Minnesota Timberwolves,51,31,0.622,9.0,98.1,96.0,2.46,Y,N
2003,Utah Jazz,47,35,0.573,13.0,94.7,92.3,2.76,Y,N
2003,Houston Rockets,43,39,0.524,17.0,93.8,92.3,1.89,N,N
2003,Memphis Grizzlies,28,54,0.341,32.0,97.5,100.7,-2.6,N,Y
2003,Denver Nuggets,17,65,0.207,43.0,84.2,92.4,-7.41,N,Y
2003,Sacramento Kings,59,23,0.72,—,101.7,95.2,6.68,Y,N
2003,Los Angeles Lakers,50,32,0.61,9.0,100.4,98.0,2.71,Y,N
2003,Portland Trail Blazers,50,32,0.61,9.0,95.2,92.5,2.97,Y,N
2003,Phoenix Suns,44,38,0.537,15.0,95.5,94.4,1.57,Y,N
2003,Seattle SuperSonics,40,42,0.488,19.0,92.1,92.3,0.37,N,Y
2003,Golden State Warriors,38,44,0.46299999999999997,21.0,102.4,103.6,-0.6,N,Y
2003,Los Angeles Clippers,27,55,0.32899999999999996,32.0,93.8,97.9,-3.45,N,Y
2004,New Jersey Nets,47,35,0.573,—,90.3,87.8,1.88,Y,N
2004,Miami Heat,42,40,0.512,5.0,90.3,89.7,-0.13,Y,N
2004,New York Knicks,39,43,0.47600000000000003,8.0,92.0,93.5,-1.97,Y,Y
2004,Boston Celtics,36,46,0.439,11.0,95.3,96.7,-1.99,Y,Y
2004,Philadelphia 76ers,33,49,0.402,14.0,88.0,90.5,-2.95,N,Y
2004,Washington Wizards,25,57,0.305,22.0,91.8,97.4,-6.12,N,Y
2004,Orlando Magic,21,61,0.256,26.0,94.0,101.1,-7.25,N,Y
2004,Indiana Pacers,61,21,0.7440000000000001,—,91.4,85.6,4.93,Y,N
2004,Detroit Pistons,54,28,0.659,7.0,90.1,84.3,5.04,Y,N
2004,New Orleans Hornets,41,41,0.5,20.0,91.8,91.9,-0.72,Y,N
2004,Milwaukee Bucks,41,41,0.5,20.0,98.0,97.0,0.42,Y,N
2004,Cleveland Cavaliers,35,47,0.42700000000000005,26.0,92.9,95.5,-3.07,N,Y
2004,Toronto Raptors,33,49,0.402,28.0,85.4,88.5,-3.42,N,Y
2004,Atlanta Hawks,28,54,0.341,33.0,92.8,97.5,-5.0,N,Y
2004,Chicago Bulls,23,59,0.28,38.0,89.7,96.0,-6.69,N,Y
2004,Minnesota Timberwolves,58,24,0.7070000000000001,—,94.5,89.1,5.86,Y,N
2004,San Antonio Spurs,57,25,0.695,1.0,91.5,84.3,7.51,Y,N
2004,Dallas Mavericks,52,30,0.634,6.0,105.2,100.8,4.86,Y,N
2004,Memphis Grizzlies,50,32,0.61,8.0,96.7,94.3,2.95,Y,N
2004,Houston Rockets,45,37,0.5489999999999999,13.0,89.8,88.0,2.28,Y,N
2004,Denver Nuggets,43,39,0.524,15.0,97.2,96.1,1.65,Y,N
2004,Utah Jazz,42,40,0.512,16.0,88.7,89.9,-0.53,N,N
2004,Los Angeles Lakers,56,26,0.6829999999999999,—,98.2,94.3,4.35,Y,N
2004,Sacramento Kings,55,27,0.6709999999999999,1.0,102.8,97.8,5.41,Y,N
2004,Portland Trail Blazers,41,41,0.5,15.0,90.7,92.0,-0.58,N,N
2004,Golden State Warriors,37,45,0.451,19.0,93.3,94.0,-0.07,N,Y
2004,Seattle SuperSonics,37,45,0.451,19.0,97.1,97.8,0.02,N,Y
2004,Phoenix Suns,29,53,0.354,27.0,94.2,97.9,-2.94,N,Y
2004,Los Angeles Clippers,28,54,0.341,28.0,94.8,99.4,-3.74,N,Y
2005,Boston Celtics,45,37,0.5489999999999999,—,101.3,100.4,0.35,Y,N
2005,Philadelphia 76ers,43,39,0.524,2.0,99.1,99.9,-1.07,Y,N
2005,New Jersey Nets,42,40,0.512,3.0,91.4,92.9,-1.82,Y,N
2005,Toronto Raptors,33,49,0.402,12.0,99.7,101.4,-1.81,N,Y
2005,New York Knicks,33,49,0.402,12.0,97.3,99.7,-2.72,N,Y
2005,Detroit Pistons,54,28,0.659,—,93.3,89.5,3.31,Y,N
2005,Chicago Bulls,47,35,0.573,7.0,94.5,93.4,0.65,Y,N
2005,Indiana Pacers,44,38,0.537,10.0,93.0,92.2,0.49,Y,N
2005,Cleveland Cavaliers,42,40,0.512,12.0,96.5,95.7,0.27,N,N
2005,Milwaukee Bucks,30,52,0.366,24.0,97.2,100.2,-3.09,N,Y
2005,Miami Heat,59,23,0.72,—,101.5,95.0,5.77,Y,N
2005,Washington Wizards,45,37,0.5489999999999999,14.0,100.5,100.8,-0.71,Y,N
2005,Orlando Magic,36,46,0.439,23.0,99.5,101.8,-2.52,N,Y
2005,Charlotte Bobcats,18,64,0.22,41.0,94.3,100.2,-6.15,N,Y
2005,Atlanta Hawks,13,69,0.159,46.0,92.7,102.5,-9.62,N,Y
2005,Seattle SuperSonics,52,30,0.634,—,98.9,96.6,2.59,Y,N
2005,Denver Nuggets,49,33,0.598,3.0,99.5,97.5,2.23,Y,N
2005,Minnesota Timberwolves,44,38,0.537,8.0,96.8,95.3,1.73,N,N
2005,Portland Trail Blazers,27,55,0.32899999999999996,25.0,92.9,96.9,-3.45,N,Y
2005,Utah Jazz,26,56,0.317,26.0,93.0,97.3,-3.74,N,Y
2005,Phoenix Suns,62,20,0.7559999999999999,—,110.4,103.3,7.08,Y,N
2005,Sacramento Kings,50,32,0.61,12.0,103.7,101.6,2.56,Y,N
2005,Los Angeles Clippers,37,45,0.451,25.0,95.7,96.5,-0.47,N,Y
2005,Los Angeles Lakers,34,48,0.415,28.0,98.7,101.7,-2.32,N,Y
2005,Golden State Warriors,34,48,0.415,28.0,98.7,100.9,-1.74,N,Y
2005,San Antonio Spurs,59,23,0.72,—,96.2,88.4,7.84,Y,N
2005,Dallas Mavericks,58,24,0.7070000000000001,1.0,102.5,96.8,5.86,Y,N
2005,Houston Rockets,51,31,0.622,8.0,95.1,91.0,4.27,Y,N
2005,Memphis Grizzlies,45,37,0.5489999999999999,14.0,93.4,91.1,2.64,Y,N
2005,New Orleans Hornets,18,64,0.22,41.0,88.4,95.5,-6.3,N,Y
2006,New Jersey Nets,49,33,0.598,—,93.8,92.4,1.11,Y,N
2006,Philadelphia 76ers,38,44,0.46299999999999997,11.0,99.4,101.3,-2.1,N,Y
2006,Boston Celtics,33,49,0.402,16.0,98.0,99.5,-1.59,N,Y
2006,Toronto Raptors,27,55,0.32899999999999996,22.0,101.1,104.0,-3.03,N,Y
2006,New York Knicks,23,59,0.28,26.0,95.6,102.0,-6.3,N,Y
2006,Detroit Pistons,64,18,0.78,—,96.8,90.2,6.24,Y,N
2006,Cleveland Cavaliers,50,32,0.61,14.0,97.6,95.4,2.17,Y,N
2006,Indiana Pacers,41,41,0.5,23.0,93.9,92.0,1.62,Y,N
2006,Chicago Bulls,41,41,0.5,23.0,97.8,97.2,0.51,Y,N
2006,Milwaukee Bucks,40,42,0.488,24.0,97.8,98.8,-1.07,Y,Y
2006,Miami Heat,52,30,0.634,—,99.9,96.0,3.59,Y,N
2006,Washington Wizards,42,40,0.512,10.0,101.7,99.8,1.57,Y,N
2006,Orlando Magic,36,46,0.439,16.0,94.9,96.0,-1.26,N,Y
2006,Charlotte Bobcats,26,56,0.317,26.0,96.9,100.9,-3.9,N,Y
2006,Atlanta Hawks,26,56,0.317,26.0,97.2,102.0,-4.69,N,Y
2006,Denver Nuggets,44,38,0.537,—,100.3,100.1,0.36,Y,N
2006,Utah Jazz,41,41,0.5,3.0,92.4,95.0,-2.49,N,N
2006,Seattle SuperSonics,35,47,0.42700000000000005,9.0,102.6,105.6,-2.88,N,Y
2006,Minnesota Timberwolves,33,49,0.402,11.0,91.7,93.6,-1.75,N,Y
2006,Portland Trail Blazers,21,61,0.256,23.0,88.8,98.3,-8.91,N,Y
2006,Phoenix Suns,54,28,0.659,—,108.4,102.8,5.48,Y,N
2006,Los Angeles Clippers,47,35,0.573,7.0,97.2,95.6,1.75,Y,N
2006,Los Angeles Lakers,45,37,0.5489999999999999,9.0,99.4,96.9,2.53,Y,N
2006,Sacramento Kings,44,38,0.537,10.0,98.9,97.3,1.61,Y,N
2006,Golden State Warriors,34,48,0.415,20.0,98.5,99.8,-1.11,N,Y
2006,San Antonio Spurs,63,19,0.768,—,95.6,88.8,6.69,Y,N
2006,Dallas Mavericks,60,22,0.732,3.0,99.1,93.1,5.96,Y,N
2006,Memphis Grizzlies,49,33,0.598,14.0,92.2,88.5,3.74,Y,N
2006,New Orleans/Oklahoma City Hornets,38,44,0.46299999999999997,25.0,92.8,95.6,-2.51,N,Y
2006,Houston Rockets,34,48,0.415,29.0,90.1,91.7,-1.3,N,Y
2007,Toronto Raptors,47,35,0.573,—,99.5,98.5,0.61,Y,N
2007,New Jersey Nets,41,41,0.5,6.0,97.6,98.3,-1.0,Y,N
2007,Philadelphia 76ers,35,47,0.42700000000000005,12.0,94.9,98.0,-3.26,N,Y
2007,New York Knicks,33,49,0.402,14.0,97.5,100.3,-3.06,N,Y
2007,Boston Celtics,24,58,0.293,23.0,95.8,99.2,-3.7,N,Y
2007,Detroit Pistons,53,29,0.6459999999999999,—,96.0,91.8,3.69,Y,N
2007,Cleveland Cavaliers,50,32,0.61,3.0,96.8,92.9,3.33,Y,N
2007,Chicago Bulls,49,33,0.598,4.0,98.8,93.8,4.52,Y,N
2007,Indiana Pacers,35,47,0.42700000000000005,18.0,95.6,98.0,-2.62,N,Y
2007,Milwaukee Bucks,28,54,0.341,25.0,99.7,104.0,-4.43,N,Y
2007,Miami Heat,44,38,0.537,—,94.6,95.5,-1.21,Y,N
2007,Washington Wizards,41,41,0.5,3.0,104.3,104.9,-0.8,Y,N
2007,Orlando Magic,40,42,0.488,4.0,94.8,94.0,0.35,Y,Y
2007,Charlotte Bobcats,33,49,0.402,11.0,96.9,100.6,-3.97,N,Y
2007,Atlanta Hawks,30,52,0.366,14.0,93.7,98.4,-4.86,N,Y
2007,Utah Jazz,51,31,0.622,—,101.5,98.6,3.06,Y,N
2007,Denver Nuggets,45,37,0.5489999999999999,6.0,105.4,103.7,1.69,Y,N
2007,Portland Trail Blazers,32,50,0.39,19.0,94.1,98.4,-3.78,N,Y
2007,Minnesota Timberwolves,32,50,0.39,19.0,96.1,99.7,-3.16,N,Y
2007,Seattle SuperSonics,31,51,0.37799999999999995,20.0,99.1,102.0,-2.45,N,Y
2007,Phoenix Suns,61,21,0.7440000000000001,—,110.2,102.9,7.28,Y,N
2007,Los Angeles Lakers,42,40,0.512,19.0,103.3,103.4,0.24,Y,N
2007,Golden State Warriors,42,40,0.512,19.0,106.5,106.9,0.0,Y,N
2007,Los Angeles Clippers,40,42,0.488,21.0,95.6,96.1,-0.07,N,Y
2007,Sacramento Kings,33,49,0.402,28.0,101.3,103.1,-1.35,N,Y
2007,Dallas Mavericks,67,15,0.8170000000000001,—,100.0,92.8,7.28,Y,N
2007,San Antonio Spurs,58,24,0.7070000000000001,9.0,98.5,90.1,8.35,Y,N
2007,Houston Rockets,52,30,0.634,15.0,97.0,92.1,5.04,Y,N
2007,New Orleans/Oklahoma City Hornets,39,43,0.47600000000000003,28.0,95.5,97.1,-1.19,N,Y
2007,Memphis Grizzlies,22,60,0.268,45.0,101.6,106.7,-4.44,N,Y
2008,Boston Celtics,66,16,0.805,—,100.5,90.3,9.3,Y,N
2008,Toronto Raptors,41,41,0.5,25.0,100.2,97.3,2.47,Y,N
2008,Philadelphia 76ers,40,42,0.488,26.0,96.6,96.2,0.19,Y,Y
2008,New Jersey Nets,34,48,0.415,32.0,95.8,100.9,-5.15,N,Y
2008,New York Knicks,23,59,0.28,43.0,96.9,103.5,-6.55,N,Y
2008,Detroit Pistons,59,23,0.72,—,97.5,90.1,6.67,Y,N
2008,Cleveland Cavaliers,45,37,0.5489999999999999,14.0,96.4,96.7,-0.53,Y,N
2008,Indiana Pacers,36,46,0.439,23.0,104.0,105.4,-1.87,N,Y
2008,Chicago Bulls,33,49,0.402,26.0,97.3,100.4,-3.19,N,Y
2008,Milwaukee Bucks,26,56,0.317,33.0,97.0,103.9,-6.92,N,Y
2008,Orlando Magic,52,30,0.634,—,104.5,99.0,4.79,Y,N
2008,Washington Wizards,43,39,0.524,9.0,98.8,99.2,-0.61,Y,N
2008,Atlanta Hawks,37,45,0.451,15.0,98.2,100.0,-2.23,Y,Y
2008,Charlotte Bobcats,32,50,0.39,20.0,97.1,101.4,-4.49,N,Y
2008,Miami Heat,15,67,0.183,37.0,91.4,100.0,-8.53,N,Y
2008,Utah Jazz,54,28,0.659,—,106.2,99.3,6.86,Y,N
2008,Denver Nuggets,50,32,0.61,4.0,110.7,107.0,3.74,Y,N
2008,Portland Trail Blazers,41,41,0.5,13.0,95.4,96.3,-0.52,N,N
2008,Minnesota Timberwolves,22,60,0.268,32.0,95.6,102.4,-6.26,N,Y
2008,Seattle SuperSonics,20,62,0.244,34.0,97.5,106.3,-8.04,N,Y
2008,Los Angeles Lakers,57,25,0.695,—,108.6,101.3,7.34,Y,N
2008,Phoenix Suns,55,27,0.6709999999999999,2.0,110.1,105.0,5.14,Y,N
2008,Golden State Warriors,48,34,0.585,9.0,111.0,108.8,2.38,N,N
2008,Sacramento Kings,38,44,0.46299999999999997,19.0,102.5,104.8,-1.86,N,Y
2008,Los Angeles Clippers,23,59,0.28,34.0,93.8,101.1,-6.56,N,Y
2008,New Orleans Hornets,56,26,0.6829999999999999,—,100.9,95.6,5.46,Y,N
2008,San Antonio Spurs,56,26,0.6829999999999999,—,95.4,90.6,5.1,Y,N
2008,Houston Rockets,55,27,0.6709999999999999,1.0,96.7,92.0,4.83,Y,N
2008,Dallas Mavericks,51,31,0.622,5.0,100.4,95.9,4.7,Y,N
2008,Memphis Grizzlies,22,60,0.268,34.0,100.7,106.9,-5.76,N,Y
2009,Boston Celtics,62,20,0.7559999999999999,—,100.9,93.4,7.44,Y,N
2009,Philadelphia 76ers,41,41,0.5,21.0,97.4,97.3,0.16,Y,N
2009,New Jersey Nets,34,48,0.415,28.0,98.1,100.5,-2.31,N,Y
2009,Toronto Raptors,33,49,0.402,29.0,99.0,101.9,-2.54,N,Y
2009,New York Knicks,32,50,0.39,30.0,105.2,107.8,-2.33,N,Y
2009,Cleveland Cavaliers,66,16,0.805,—,100.3,91.4,8.68,Y,N
2009,Chicago Bulls,41,41,0.5,25.0,102.2,102.5,-0.16,Y,N
2009,Detroit Pistons,39,43,0.47600000000000003,27.0,94.2,94.7,-0.36,Y,Y
2009,Indiana Pacers,36,46,0.439,30.0,105.1,106.2,-0.76,N,Y
2009,Milwaukee Bucks,34,48,0.415,32.0,99.3,100.4,-0.88,N,Y
2009,Orlando Magic,59,23,0.72,—,101.0,94.4,6.48,Y,N
2009,Atlanta Hawks,47,35,0.573,12.0,98.1,96.5,1.7,Y,N
2009,Miami Heat,43,39,0.524,16.0,98.3,98.0,0.49,Y,N
2009,Charlotte Bobcats,35,47,0.42700000000000005,24.0,93.6,94.9,-1.2,N,Y
2009,Washington Wizards,19,63,0.23199999999999998,40.0,96.1,103.5,-6.98,N,Y
2009,Denver Nuggets,54,28,0.659,—,104.3,100.9,3.13,Y,N
2009,Portland Trail Blazers,54,28,0.659,—,99.4,94.1,5.0,Y,N
2009,Utah Jazz,48,34,0.585,6.0,103.6,100.9,2.31,Y,N
2009,Minnesota Timberwolves,24,58,0.293,30.0,97.8,102.7,-4.74,N,Y
2009,Oklahoma City Thunder,23,59,0.28,31.0,97.0,103.1,-6.04,N,Y
2009,Los Angeles Lakers,65,17,0.7929999999999999,—,106.9,99.3,7.11,Y,N
2009,Phoenix Suns,46,36,0.561,19.0,109.4,107.5,1.62,N,N
2009,Golden State Warriors,29,53,0.354,36.0,108.6,112.3,-3.8,N,Y
2009,Los Angeles Clippers,19,63,0.23199999999999998,46.0,95.1,103.9,-8.47,N,Y
2009,Sacramento Kings,17,65,0.207,48.0,100.6,109.3,-8.6,N,Y
2009,San Antonio Spurs,54,28,0.659,—,97.0,93.3,3.36,Y,N
2009,Houston Rockets,53,29,0.6459999999999999,1.0,98.4,94.4,3.73,Y,N
2009,Dallas Mavericks,50,32,0.61,4.0,101.7,99.8,1.68,Y,N
2009,New Orleans Hornets,49,33,0.598,5.0,95.8,94.3,1.41,Y,N
2009,Memphis Grizzlies,24,58,0.293,30.0,93.9,99.3,-5.23,N,Y
2010,Boston Celtics,50,32,0.61,—,99.2,95.6,3.37,Y,N
2010,Toronto Raptors,40,42,0.488,10.0,104.1,105.9,-1.83,N,Y
2010,New York Knicks,29,53,0.354,21.0,102.1,105.9,-4.01,N,Y
2010,Philadelphia 76ers,27,55,0.32899999999999996,23.0,97.7,101.6,-3.93,N,Y
2010,New Jersey Nets,12,70,0.146,38.0,92.4,101.5,-8.93,N,Y
2010,Cleveland Cavaliers,61,21,0.7440000000000001,—,102.1,95.6,6.17,Y,N
2010,Milwaukee Bucks,46,36,0.561,15.0,97.7,96.0,1.37,Y,N
2010,Chicago Bulls,41,41,0.5,20.0,97.5,99.1,-1.64,Y,N
2010,Indiana Pacers,32,50,0.39,29.0,100.8,103.8,-3.11,N,Y
2010,Detroit Pistons,27,55,0.32899999999999996,34.0,94.0,99.1,-5.02,N,Y
2010,Orlando Magic,59,23,0.72,—,102.8,95.3,7.12,Y,N
2010,Atlanta Hawks,53,29,0.6459999999999999,6.0,101.7,97.0,4.44,Y,N
2010,Miami Heat,47,35,0.573,12.0,96.5,94.2,1.99,Y,N
2010,Charlotte Bobcats,44,38,0.537,15.0,95.3,93.8,1.3,Y,N
2010,Washington Wizards,26,56,0.317,33.0,96.2,101.0,-4.72,N,Y
2010,Denver Nuggets,53,29,0.6459999999999999,—,106.5,102.4,4.15,Y,N
2010,Utah Jazz,53,29,0.6459999999999999,—,104.2,98.9,5.33,Y,N
2010,Portland Trail Blazers,50,32,0.61,3.0,98.1,94.8,3.18,Y,N
2010,Oklahoma City Thunder,50,32,0.61,3.0,101.5,98.0,3.55,Y,N
2010,Minnesota Timberwolves,15,67,0.183,38.0,98.2,107.8,-9.06,N,Y
2010,Los Angeles Lakers,57,25,0.695,—,101.7,97.0,4.78,Y,N
2010,Phoenix Suns,54,28,0.659,3.0,110.2,105.3,4.67,Y,N
2010,Los Angeles Clippers,29,53,0.354,28.0,95.7,102.1,-6.01,N,Y
2010,Golden State Warriors,26,56,0.317,31.0,108.8,112.4,-3.28,N,Y
2010,Sacramento Kings,25,57,0.305,32.0,100.0,104.4,-4.06,N,Y
2010,Dallas Mavericks,55,27,0.6709999999999999,—,102.0,99.3,2.66,Y,N
2010,San Antonio Spurs,50,32,0.61,5.0,101.4,96.3,5.07,Y,N
2010,Houston Rockets,42,40,0.512,13.0,102.4,102.7,-0.02,N,N
2010,Memphis Grizzlies,40,42,0.488,15.0,102.5,104.0,-1.39,N,Y
2010,New Orleans Hornets,37,45,0.451,18.0,100.2,102.7,-2.27,N,Y
2011,Boston Celtics,56,26,0.6829999999999999,—,96.5,91.1,4.83,Y,N
2011,New York Knicks,42,40,0.512,14.0,106.5,105.7,0.48,Y,N
2011,Philadelphia 76ers,41,41,0.5,15.0,99.0,97.5,1.01,Y,N
2011,New Jersey Nets,24,58,0.293,32.0,94.2,100.4,-6.28,N,Y
2011,Toronto Raptors,22,60,0.268,34.0,99.1,105.4,-6.28,N,Y
2011,Chicago Bulls,62,20,0.7559999999999999,—,98.6,91.3,6.53,Y,N
2011,Indiana Pacers,37,45,0.451,25.0,99.8,100.9,-1.38,Y,Y
2011,Milwaukee Bucks,35,47,0.42700000000000005,27.0,91.9,92.7,-1.02,N,Y
2011,Detroit Pistons,30,52,0.366,32.0,97.0,100.6,-3.78,N,Y
2011,Cleveland Cavaliers,19,63,0.23199999999999998,43.0,95.5,104.5,-8.88,N,Y
2011,Miami Heat,58,24,0.7070000000000001,—,102.1,94.6,6.76,Y,N
2011,Orlando Magic,52,30,0.634,6.0,99.2,93.7,4.92,Y,N
2011,Atlanta Hawks,44,38,0.537,14.0,95.0,95.8,-1.1,Y,N
2011,Charlotte Bobcats,34,48,0.415,24.0,93.3,97.3,-4.08,N,Y
2011,Washington Wizards,23,59,0.28,35.0,97.3,104.7,-7.3,N,Y
2011,Oklahoma City Thunder,55,27,0.6709999999999999,—,104.8,101.0,3.81,Y,N
2011,Denver Nuggets,50,32,0.61,5.0,107.5,102.7,4.81,Y,N
2011,Portland Trail Blazers,48,34,0.585,7.0,96.3,94.8,1.85,Y,N
2011,Utah Jazz,39,43,0.47600000000000003,16.0,99.4,101.3,-1.44,N,Y
2011,Minnesota Timberwolves,17,65,0.207,38.0,101.1,107.7,-5.97,N,Y
2011,Los Angeles Lakers,57,25,0.695,—,101.5,95.4,6.01,Y,N
2011,Phoenix Suns,40,42,0.488,17.0,105.0,105.9,-0.46,N,Y
2011,Golden State Warriors,36,46,0.439,21.0,103.4,105.7,-2.0,N,Y
2011,Los Angeles Clippers,32,50,0.39,25.0,98.6,101.8,-2.71,N,Y
2011,Sacramento Kings,24,58,0.293,33.0,99.4,104.7,-4.8,N,Y
2011,San Antonio Spurs,61,21,0.7440000000000001,—,103.7,98.0,5.86,Y,N
2011,Dallas Mavericks,57,25,0.695,4.0,100.2,96.0,4.41,Y,N
2011,New Orleans Hornets,46,36,0.561,15.0,94.9,94.0,1.28,Y,N
2011,Memphis Grizzlies,46,36,0.561,15.0,99.9,97.6,2.55,Y,N
2011,Houston Rockets,43,39,0.524,18.0,105.9,103.7,2.37,N,N
2012,Boston Celtics,39,27,0.591,—,91.8,89.3,2.26,Y,N
2012,New York Knicks,36,30,0.545,3.0,97.8,94.7,2.39,Y,N
2012,Philadelphia 76ers,35,31,0.53,4.0,93.6,89.4,3.59,Y,N
2012,Toronto Raptors,23,43,0.348,16.0,90.7,94.0,-3.67,N,Y
2012,New Jersey Nets,22,44,0.33299999999999996,17.0,93.1,99.1,-6.37,N,Y
2012,Chicago Bulls,50,16,0.758,—,96.3,88.2,7.43,Y,N
2012,Indiana Pacers,42,24,0.636,8.0,97.7,94.4,2.6,Y,N
2012,Milwaukee Bucks,31,35,0.47,19.0,99.0,98.7,-0.23,N,Y
2012,Detroit Pistons,25,41,0.379,25.0,90.9,95.7,-5.19,N,Y
2012,Cleveland Cavaliers,21,45,0.318,29.0,93.0,100.2,-7.34,N,Y
2012,Miami Heat,46,20,0.6970000000000001,—,98.5,92.5,5.72,Y,N
2012,Atlanta Hawks,40,26,0.606,6.0,96.6,93.2,2.67,Y,N
2012,Orlando Magic,37,29,0.561,9.0,94.2,93.4,0.46,Y,N
2012,Washington Wizards,20,46,0.303,26.0,93.6,98.4,-5.14,N,Y
2012,Charlotte Bobcats,7,59,0.106,39.0,87.0,100.9,-13.96,N,Y
2012,Oklahoma City Thunder,47,19,0.7120000000000001,—,103.1,96.9,6.44,Y,N
2012,Denver Nuggets,38,28,0.5760000000000001,9.0,104.1,101.2,3.16,Y,N
2012,Utah Jazz,36,30,0.545,11.0,99.7,99.0,0.92,Y,N
2012,Portland Trail Blazers,28,38,0.424,19.0,97.2,97.8,-0.22,N,Y
2012,Minnesota Timberwolves,26,40,0.39399999999999996,21.0,97.9,100.1,-1.83,N,Y
2012,Los Angeles Lakers,41,25,0.621,—,97.3,95.9,1.96,Y,N
2012,Los Angeles Clippers,40,26,0.606,1.0,97.5,95.0,2.82,Y,N
2012,Phoenix Suns,33,33,0.5,8.0,98.4,98.6,0.29,N,N
2012,Golden State Warriors,23,43,0.348,18.0,97.8,101.2,-2.79,N,Y
2012,Sacramento Kings,22,44,0.33299999999999996,19.0,98.8,104.4,-4.95,N,Y
2012,San Antonio Spurs,50,16,0.758,—,103.7,96.5,7.28,Y,N
2012,Memphis Grizzlies,41,25,0.621,9.0,95.0,93.0,2.43,Y,N
2012,Dallas Mavericks,36,30,0.545,14.0,95.8,94.8,1.78,Y,N
2012,Houston Rockets,34,32,0.515,16.0,98.1,97.9,0.57,N,N
2012,New Orleans Hornets,21,45,0.318,29.0,89.6,93.4,-3.11,N,Y
2013,New York Knicks,54,28,0.659,—,100.0,95.7,3.73,Y,N
2013,Brooklyn Nets,49,33,0.598,5.0,96.9,95.1,1.25,Y,N
2013,Boston Celtics,41,40,0.506,12.5,96.5,96.7,-0.62,Y,N
2013,Philadelphia 76ers,34,48,0.415,20.0,93.2,96.5,-3.51,N,Y
2013,Toronto Raptors,34,48,0.415,20.0,97.2,98.7,-1.96,N,Y
2013,Indiana Pacers,49,32,0.605,—,94.7,90.7,3.34,Y,N
2013,Chicago Bulls,45,37,0.5489999999999999,4.5,93.2,92.9,-0.02,Y,N
2013,Milwaukee Bucks,38,44,0.46299999999999997,11.5,98.9,100.4,-1.83,Y,Y
2013,Detroit Pistons,29,53,0.354,20.5,94.9,98.8,-4.33,N,Y
2013,Cleveland Cavaliers,24,58,0.293,25.5,96.5,101.2,-4.87,N,Y
2013,Miami Heat,66,16,0.805,—,102.9,95.0,7.03,Y,N
2013,Atlanta Hawks,44,38,0.537,22.0,98.0,97.5,-0.08,Y,N
2013,Washington Wizards,29,53,0.354,37.0,93.2,95.8,-2.78,N,Y
2013,Charlotte Bobcats,21,61,0.256,45.0,93.4,102.7,-9.29,N,Y
2013,Orlando Magic,20,62,0.244,46.0,94.1,101.1,-7.12,N,Y
2013,Oklahoma City Thunder,60,22,0.732,—,105.7,96.5,9.15,Y,N
2013,Denver Nuggets,57,25,0.695,3.0,106.1,101.1,5.37,Y,N
2013,Utah Jazz,43,39,0.524,17.0,98.0,98.1,0.3,N,N
2013,Portland Trail Blazers,33,49,0.402,27.0,97.5,100.7,-2.53,N,Y
2013,Minnesota Timberwolves,31,51,0.37799999999999995,29.0,95.7,98.1,-1.83,N,Y
2013,Los Angeles Clippers,56,26,0.6829999999999999,—,101.1,94.6,6.43,Y,N
2013,Golden State Warriors,47,35,0.573,9.0,101.2,100.3,1.32,Y,N
2013,Los Angeles Lakers,45,37,0.5489999999999999,11.0,102.2,101.0,1.48,Y,N
2013,Sacramento Kings,28,54,0.341,28.0,100.2,105.1,-4.26,N,Y
2013,Phoenix Suns,25,57,0.305,31.0,95.2,101.6,-5.75,N,Y
2013,San Antonio Spurs,58,24,0.7070000000000001,—,103.0,96.6,6.67,Y,N
2013,Memphis Grizzlies,56,26,0.6829999999999999,2.0,93.4,89.3,4.32,Y,N
2013,Houston Rockets,45,37,0.5489999999999999,13.0,106.0,102.5,3.69,Y,N
2013,Dallas Mavericks,41,41,0.5,17.0,101.1,101.7,-0.24,N,N
2013,New Orleans Hornets,27,55,0.32899999999999996,31.0,94.1,97.9,-3.12,N,Y
2014,Toronto Raptors,48,34,0.585,—,101.3,98.0,2.55,Y,N
2014,Brooklyn Nets,44,38,0.537,4.0,98.5,99.5,-1.58,Y,N
2014,New York Knicks,37,45,0.451,11.0,98.6,99.4,-1.4,N,Y
2014,Boston Celtics,25,57,0.305,23.0,96.2,100.7,-4.97,N,Y
2014,Philadelphia 76ers,19,63,0.23199999999999998,29.0,99.5,109.9,-10.66,N,Y
2014,Indiana Pacers,56,26,0.6829999999999999,—,96.7,92.3,3.63,Y,N
2014,Chicago Bulls,48,34,0.585,8.0,93.7,91.8,1.2,Y,N
2014,Cleveland Cavaliers,33,49,0.402,23.0,98.2,101.5,-3.86,N,Y
2014,Detroit Pistons,29,53,0.354,27.0,101.0,104.7,-4.13,N,Y
2014,Milwaukee Bucks,15,67,0.183,41.0,95.5,103.7,-8.41,N,Y
2014,Miami Heat,54,28,0.659,—,102.2,97.4,4.15,Y,N
2014,Washington Wizards,44,38,0.537,10.0,100.7,99.4,0.48,Y,N
2014,Charlotte Bobcats,43,39,0.524,11.0,96.9,97.1,-0.89,Y,N
2014,Atlanta Hawks,38,44,0.46299999999999997,16.0,101.0,101.5,-0.88,Y,Y
2014,Orlando Magic,23,59,0.28,31.0,96.5,102.0,-5.88,N,Y
2014,Oklahoma City Thunder,59,23,0.72,—,106.2,99.8,6.66,Y,N
2014,Portland Trail Blazers,54,28,0.659,5.0,106.7,102.8,4.44,Y,N
2014,Minnesota Timberwolves,40,42,0.488,19.0,106.9,104.3,3.1,N,Y
2014,Denver Nuggets,36,46,0.439,23.0,104.4,106.5,-1.4,N,Y
2014,Utah Jazz,25,57,0.305,34.0,95.0,102.2,-6.27,N,Y
2014,Los Angeles Clippers,57,25,0.695,—,107.9,101.0,7.27,Y,N
2014,Golden State Warriors,51,31,0.622,6.0,104.3,99.5,5.15,Y,N
2014,Phoenix Suns,48,34,0.585,9.0,105.2,102.6,3.02,N,N
2014,Sacramento Kings,28,54,0.341,29.0,100.5,103.4,-2.08,N,Y
2014,Los Angeles Lakers,27,55,0.32899999999999996,30.0,103.0,109.2,-5.33,N,Y
2014,San Antonio Spurs,62,20,0.7559999999999999,—,105.4,97.6,8.0,Y,N
2014,Houston Rockets,54,28,0.659,8.0,107.7,103.1,5.06,Y,N
2014,Memphis Grizzlies,50,32,0.61,12.0,96.1,94.6,2.18,Y,N
2014,Dallas Mavericks,49,33,0.598,13.0,104.8,102.4,2.91,Y,N
2014,New Orleans Pelicans,34,48,0.415,28.0,99.7,102.4,-1.98,N,Y
2015,Toronto Raptors,49,33,0.598,—,104.0,100.9,2.45,Y,N
2015,Boston Celtics,40,42,0.488,9.0,101.4,101.2,-0.4,Y,Y
2015,Brooklyn Nets,38,44,0.46299999999999997,11.0,98.0,100.9,-3.13,Y,Y
2015,Philadelphia 76ers,18,64,0.22,31.0,92.0,101.0,-9.04,N,Y
2015,New York Knicks,17,65,0.207,32.0,91.9,101.2,-9.5,N,Y
2015,Cleveland Cavaliers,53,29,0.6459999999999999,—,103.1,98.7,4.08,Y,N
2015,Chicago Bulls,50,32,0.61,3.0,100.8,97.8,2.54,Y,N
2015,Milwaukee Bucks,41,41,0.5,12.0,97.8,97.4,-0.09,Y,N
2015,Indiana Pacers,38,44,0.46299999999999997,15.0,97.3,97.0,-0.23,N,Y
2015,Detroit Pistons,32,50,0.39,21.0,98.5,99.5,-1.39,N,Y
2015,Atlanta Hawks,60,22,0.732,—,102.5,97.1,4.75,Y,N
2015,Washington Wizards,46,36,0.561,14.0,98.5,97.8,0.17,Y,N
2015,Miami Heat,37,45,0.451,23.0,94.7,97.3,-2.92,N,Y
2015,Charlotte Hornets,33,49,0.402,27.0,94.2,97.3,-3.44,N,Y
2015,Orlando Magic,25,57,0.305,35.0,95.7,101.4,-5.87,N,Y
2015,Portland Trail Blazers,51,31,0.622,—,102.8,98.6,4.41,Y,N
2015,Oklahoma City Thunder,45,37,0.5489999999999999,6.0,104.0,101.8,2.47,N,N
2015,Utah Jazz,38,44,0.46299999999999997,13.0,95.1,94.9,0.71,N,Y
2015,Denver Nuggets,30,52,0.366,21.0,101.5,105.0,-3.07,N,Y
2015,Minnesota Timberwolves,16,66,0.195,35.0,97.8,106.5,-8.0,N,Y
2015,Golden State Warriors,67,15,0.8170000000000001,—,110.0,99.9,10.01,Y,N
2015,Los Angeles Clippers,56,26,0.6829999999999999,11.0,106.7,100.1,6.8,Y,N
2015,Phoenix Suns,39,43,0.47600000000000003,28.0,102.4,103.3,-0.38,N,Y
2015,Sacramento Kings,29,53,0.354,38.0,101.3,105.0,-3.07,N,Y
2015,Los Angeles Lakers,21,61,0.256,46.0,98.5,105.3,-6.17,N,Y
2015,Houston Rockets,56,26,0.6829999999999999,—,103.9,100.5,3.82,Y,N
2015,Memphis Grizzlies,55,27,0.6709999999999999,1.0,98.3,95.1,3.62,Y,N
2015,San Antonio Spurs,55,27,0.6709999999999999,1.0,103.2,97.0,6.34,Y,N
2015,Dallas Mavericks,50,32,0.61,6.0,105.2,102.3,3.36,Y,N
2015,New Orleans Pelicans,45,37,0.5489999999999999,11.0,99.4,98.6,1.13,Y,N
2016,Cleveland Cavaliers,57,25,0.695,—,104.3,98.3,5.45,Y,N
2016,Toronto Raptors,56,26,0.6829999999999999,1.0,102.7,98.2,4.08,Y,N
2016,Miami Heat,48,34,0.585,9.0,100.0,98.4,1.5,Y,N
2016,Atlanta Hawks,48,34,0.585,9.0,102.8,99.2,3.49,Y,N
2016,Boston Celtics,48,34,0.585,9.0,105.7,102.5,2.84,Y,N
2016,Charlotte Hornets,48,34,0.585,9.0,103.4,100.7,2.36,Y,N
2016,Indiana Pacers,45,37,0.5489999999999999,12.0,102.2,100.5,1.62,Y,N
2016,Detroit Pistons,44,38,0.537,13.0,102.0,101.4,0.43,Y,N
2016,Chicago Bulls,42,40,0.512,15.0,101.6,103.1,-1.46,N,N
2016,Washington Wizards,41,41,0.5,16.0,104.1,104.6,-0.5,N,N
2016,Orlando Magic,35,47,0.42700000000000005,22.0,102.1,103.7,-1.68,N,Y
2016,Milwaukee Bucks,33,49,0.402,24.0,99.0,103.2,-3.98,N,Y
2016,New York Knicks,32,50,0.39,25.0,98.4,101.1,-2.74,N,Y
2016,Brooklyn Nets,21,61,0.256,36.0,98.6,106.0,-7.12,N,Y
2016,Philadelphia 76ers,10,72,0.122,47.0,97.4,107.6,-9.92,N,Y
2016,Golden State Warriors,73,9,0.89,—,114.9,104.1,10.38,Y,N
2016,San Antonio Spurs,67,15,0.8170000000000001,6.0,103.5,92.9,10.28,Y,N
2016,Oklahoma City Thunder,55,27,0.6709999999999999,18.0,110.2,102.9,7.09,Y,N
2016,Los Angeles Clippers,53,29,0.6459999999999999,20.0,104.5,100.2,4.13,Y,N
2016,Portland Trail Blazers,44,38,0.537,29.0,105.1,104.3,0.98,Y,N
2016,Dallas Mavericks,42,40,0.512,31.0,102.3,102.6,-0.02,Y,N
2016,Memphis Grizzlies,42,40,0.512,31.0,99.1,101.3,-2.14,Y,N
2016,Houston Rockets,41,41,0.5,32.0,106.5,106.4,0.34,Y,N
2016,Utah Jazz,40,42,0.488,33.0,97.7,95.9,1.84,N,Y
2016,Sacramento Kings,33,49,0.402,40.0,106.6,109.1,-2.32,N,Y
2016,Denver Nuggets,33,49,0.402,40.0,101.9,105.0,-2.81,N,Y
2016,New Orleans Pelicans,30,52,0.366,43.0,102.7,106.5,-3.56,N,Y
2016,Minnesota Timberwolves,29,53,0.354,44.0,102.4,106.0,-3.38,N,Y
2016,Phoenix Suns,23,59,0.28,50.0,100.9,107.5,-6.32,N,Y
2016,Los Angeles Lakers,17,65,0.207,56.0,97.3,106.9,-8.92,N,Y
2017,Boston Celtics,53,29,0.6459999999999999,—,108.0,105.4,2.25,Y,N
2017,Cleveland Cavaliers,51,31,0.622,2.0,110.3,107.2,2.87,Y,N
2017,Toronto Raptors,51,31,0.622,2.0,106.9,102.6,3.65,Y,N
2017,Washington Wizards,49,33,0.598,4.0,109.2,107.4,1.36,Y,N
2017,Atlanta Hawks,43,39,0.524,10.0,103.2,104.0,-1.23,Y,N
2017,Milwaukee Bucks,42,40,0.512,11.0,103.6,103.8,-0.45,Y,N
2017,Indiana Pacers,42,40,0.512,11.0,105.1,105.3,-0.64,Y,N
2017,Chicago Bulls,41,41,0.5,12.0,102.9,102.4,0.03,Y,N
2017,Miami Heat,41,41,0.5,12.0,103.2,102.1,0.77,N,N
2017,Detroit Pistons,37,45,0.451,16.0,101.3,102.5,-1.29,N,Y
2017,Charlotte Hornets,36,46,0.439,17.0,104.9,104.7,-0.07,N,Y
2017,New York Knicks,31,51,0.37799999999999995,22.0,104.3,108.0,-3.87,N,Y
2017,Orlando Magic,29,53,0.354,24.0,101.1,107.6,-6.61,N,Y
2017,Philadelphia 76ers,28,54,0.341,25.0,102.4,108.1,-5.83,N,Y
2017,Brooklyn Nets,20,62,0.244,33.0,105.8,112.5,-6.74,N,Y
2017,Golden State Warriors,67,15,0.8170000000000001,—,115.9,104.3,11.35,Y,N
2017,San Antonio Spurs,61,21,0.7440000000000001,6.0,105.3,98.1,7.13,Y,N
2017,Houston Rockets,55,27,0.6709999999999999,12.0,115.3,109.6,5.84,Y,N
2017,Los Angeles Clippers,51,31,0.622,16.0,108.7,104.4,4.42,Y,N
2017,Utah Jazz,51,31,0.622,16.0,100.7,96.8,4.0,Y,N
2017,Oklahoma City Thunder,47,35,0.573,20.0,106.6,105.8,1.14,Y,N
2017,Memphis Grizzlies,43,39,0.524,24.0,100.5,100.0,0.96,Y,N
2017,Portland Trail Blazers,41,41,0.5,26.0,107.9,108.5,-0.23,Y,N
2017,Denver Nuggets,40,42,0.488,27.0,111.7,111.2,0.7,N,Y
2017,New Orleans Pelicans,34,48,0.415,33.0,104.3,106.4,-1.69,N,Y
2017,Dallas Mavericks,33,49,0.402,34.0,97.9,100.8,-2.53,N,Y
2017,Sacramento Kings,32,50,0.39,35.0,102.8,106.7,-3.29,N,Y
2017,Minnesota Timberwolves,31,51,0.37799999999999995,36.0,105.6,106.7,-0.64,N,Y
2017,Los Angeles Lakers,26,56,0.317,41.0,104.6,111.5,-6.29,N,Y
2017,Phoenix Suns,24,58,0.293,43.0,107.7,113.3,-5.14,N,Y
2018,Toronto Raptors,59,23,0.72,—,111.7,103.9,7.29,Y,N
2018,Boston Celtics,55,27,0.6709999999999999,4.0,104.0,100.4,3.23,Y,N
2018,Philadelphia 76ers,52,30,0.634,7.0,109.8,105.3,4.3,Y,N
2018,Cleveland Cavaliers,50,32,0.61,9.0,110.9,109.9,0.59,Y,N
2018,Indiana Pacers,48,34,0.585,11.0,105.6,104.2,1.18,Y,N
2018,Miami Heat,44,38,0.537,15.0,103.4,102.9,0.15,Y,N
2018,Milwaukee Bucks,44,38,0.537,15.0,106.5,106.8,-0.45,Y,N
2018,Washington Wizards,43,39,0.524,16.0,106.6,106.0,0.53,Y,N
2018,Detroit Pistons,39,43,0.47600000000000003,20.0,103.8,103.9,-0.26,N,Y
2018,Charlotte Hornets,36,46,0.439,23.0,108.2,108.0,0.07,N,Y
2018,New York Knicks,29,53,0.354,30.0,104.5,108.0,-3.53,N,Y
2018,Brooklyn Nets,28,54,0.341,31.0,106.6,110.3,-3.67,N,Y
2018,Chicago Bulls,27,55,0.32899999999999996,32.0,102.9,110.0,-6.84,N,Y
2018,Orlando Magic,25,57,0.305,34.0,103.4,108.2,-4.92,N,Y
2018,Atlanta Hawks,24,58,0.293,35.0,103.4,108.8,-5.3,N,Y
2018,Houston Rockets,65,17,0.7929999999999999,—,112.4,103.9,8.21,Y,N
2018,Golden State Warriors,58,24,0.7070000000000001,7.0,113.5,107.5,5.79,Y,N
2018,Portland Trail Blazers,49,33,0.598,16.0,105.6,103.0,2.6,Y,N
2018,Oklahoma City Thunder,48,34,0.585,17.0,107.9,104.4,3.42,Y,N
2018,Utah Jazz,48,34,0.585,17.0,104.1,99.8,4.47,Y,N
2018,New Orleans Pelicans,48,34,0.585,17.0,111.7,110.4,1.48,Y,N
2018,San Antonio Spurs,47,35,0.573,18.0,102.7,99.8,2.89,Y,N
2018,Minnesota Timberwolves,47,35,0.573,18.0,109.5,107.3,2.35,Y,N
2018,Denver Nuggets,46,36,0.561,19.0,110.0,108.5,1.57,N,N
2018,Los Angeles Clippers,42,40,0.512,23.0,109.0,109.0,0.15,N,N
2018,Los Angeles Lakers,35,47,0.42700000000000005,30.0,108.1,109.6,-1.44,N,Y
2018,Sacramento Kings,27,55,0.32899999999999996,38.0,98.8,105.8,-6.6,N,Y
2018,Dallas Mavericks,24,58,0.293,41.0,102.3,105.4,-2.7,N,Y
2018,Memphis Grizzlies,22,60,0.268,43.0,99.3,105.5,-5.81,N,Y
2018,Phoenix Suns,21,61,0.256,44.0,103.9,113.3,-8.8,N,Y
2019,Milwaukee Bucks,60,22,0.732,—,118.1,109.3,8.04,Y,N
2019,Toronto Raptors,58,24,0.7070000000000001,2.0,114.4,108.4,5.49,Y,N
2019,Philadelphia 76ers,51,31,0.622,9.0,115.2,112.5,2.25,Y,N
2019,Boston Celtics,49,33,0.598,11.0,112.4,108.0,3.9,Y,N
2019,Indiana Pacers,48,34,0.585,12.0,108.0,104.7,2.76,Y,N
2019,Brooklyn Nets,42,40,0.512,18.0,112.2,112.3,-0.4,Y,N
2019,Orlando Magic,42,40,0.512,18.0,107.3,106.6,0.28,Y,N
2019,Detroit Pistons,41,41,0.5,19.0,107.0,107.3,-0.56,Y,N
2019,Charlotte Hornets,39,43,0.47600000000000003,21.0,110.7,111.8,-1.32,N,Y
2019,Miami Heat,39,43,0.47600000000000003,21.0,105.7,105.9,-0.45,N,Y
2019,Washington Wizards,32,50,0.39,28.0,114.0,116.9,-3.3,N,Y
2019,Atlanta Hawks,29,53,0.354,31.0,113.3,119.4,-6.06,N,Y
2019,Chicago Bulls,22,60,0.268,38.0,104.9,113.4,-8.32,N,Y
2019,Cleveland Cavaliers,19,63,0.23199999999999998,41.0,104.5,114.1,-9.39,N,Y
2019,New York Knicks,17,65,0.207,43.0,104.6,113.8,-8.93,N,Y
2019,Golden State Warriors,57,25,0.695,—,117.7,111.2,6.42,Y,N
2019,Denver Nuggets,54,28,0.659,3.0,110.7,106.7,4.19,Y,N
2019,Portland Trail Blazers,53,29,0.6459999999999999,4.0,114.7,110.5,4.43,Y,N
2019,Houston Rockets,53,29,0.6459999999999999,4.0,113.9,109.1,4.96,Y,N
2019,Utah Jazz,50,32,0.61,7.0,111.7,106.5,5.28,Y,N
2019,Oklahoma City Thunder,49,33,0.598,8.0,114.5,111.1,3.56,Y,N
2019,San Antonio Spurs,48,34,0.585,9.0,111.7,110.0,1.8,Y,N
2019,Los Angeles Clippers,48,34,0.585,9.0,115.1,114.3,1.09,Y,N
2019,Sacramento Kings,39,43,0.47600000000000003,18.0,114.2,115.3,-0.81,N,Y
2019,Los Angeles Lakers,37,45,0.451,20.0,111.8,113.5,-1.33,N,Y
2019,Minnesota Timberwolves,36,46,0.439,21.0,112.5,114.0,-1.02,N,Y
2019,Memphis Grizzlies,33,49,0.402,24.0,103.5,106.1,-2.08,N,Y
2019,New Orleans Pelicans,33,49,0.402,24.0,115.4,116.8,-1.1,N,Y
2019,Dallas Mavericks,33,49,0.402,24.0,108.9,110.1,-0.87,N,Y
2019,Phoenix Suns,19,63,0.23199999999999998,38.0,107.5,116.8,-8.61,N,Y
2020,Milwaukee Bucks,56,17,0.767,—,118.7,108.6,9.41,Y,N
2020,Toronto Raptors,53,19,0.736,2.5,112.8,106.5,5.97,Y,N
2020,Boston Celtics,48,24,0.667,7.5,113.7,107.3,5.83,Y,N
2020,Indiana Pacers,45,28,0.616,11.0,109.4,107.5,1.63,Y,N
2020,Miami Heat,44,29,0.603,12.0,112.0,109.1,2.59,Y,N
2020,Philadelphia 76ers,43,30,0.589,13.0,110.7,108.4,2.25,Y,N
2020,Brooklyn Nets,35,37,0.486,20.5,111.8,112.3,-1.01,Y,Y
2020,Orlando Magic,33,40,0.452,23.0,107.3,108.3,-0.93,Y,Y
2020,Charlotte Hornets,23,42,0.354,29.0,102.9,109.6,-7.03,N,Y
2020,Washington Wizards,25,47,0.34700000000000003,30.5,114.4,119.1,-5.24,N,Y
2020,Chicago Bulls,22,43,0.33799999999999997,30.0,106.8,109.9,-4.0,N,Y
2020,New York Knicks,21,45,0.318,31.5,105.8,112.3,-6.72,N,Y
2020,Detroit Pistons,20,46,0.303,32.5,107.2,110.8,-4.38,N,Y
2020,Atlanta Hawks,20,47,0.299,33.0,111.8,119.7,-7.71,N,Y
2020,Cleveland Cavaliers,19,46,0.292,33.0,106.9,114.8,-7.77,N,Y
2020,Los Angeles Lakers,52,19,0.732,—,113.4,107.6,6.28,Y,N
2020,Los Angeles Clippers,49,23,0.6809999999999999,3.5,116.3,109.9,6.66,Y,N
2020,Denver Nuggets,46,27,0.63,7.0,111.3,109.2,2.35,Y,N
2020,Houston Rockets,44,28,0.611,8.5,117.8,114.8,3.13,Y,N
2020,Oklahoma City Thunder,44,28,0.611,8.5,110.4,108.4,2.33,Y,N
2020,Utah Jazz,44,28,0.611,8.5,111.3,108.8,2.52,Y,N
2020,Dallas Mavericks,43,32,0.573,11.0,117.0,112.1,4.87,Y,N
2020,Portland Trail Blazers,35,39,0.473,18.5,115.0,116.1,-0.61,Y,Y
2020,Memphis Grizzlies,34,39,0.466,19.0,112.6,113.7,-0.91,N,Y
2020,Phoenix Suns,34,39,0.466,19.0,113.6,113.4,0.56,N,Y
2020,San Antonio Spurs,32,39,0.451,20.0,114.1,115.2,-0.65,N,Y
2020,Sacramento Kings,31,41,0.431,21.5,110.1,112.1,-1.59,N,Y
2020,New Orleans Pelicans,30,42,0.41700000000000004,22.5,115.8,117.1,-0.55,N,Y
2020,Minnesota Timberwolves,19,45,0.297,29.5,113.3,117.5,-4.02,N,Y
2020,Golden State Warriors,15,50,0.231,34.0,106.3,115.0,-8.12,N,Y
2021,Philadelphia 76ers,49,23,0.6809999999999999,—,113.6,108.1,5.28,Y,N
2021,Brooklyn Nets,48,24,0.667,1.0,118.6,114.1,4.24,Y,N
2021,Milwaukee Bucks,46,26,0.639,3.0,120.1,114.2,5.57,Y,N
2021,New York Knicks,41,31,0.569,8.0,107.0,104.7,2.13,Y,N
2021,Atlanta Hawks,41,31,0.569,8.0,113.7,111.4,2.14,Y,N
2021,Miami Heat,40,32,0.556,9.0,108.1,108.0,-0.06,Y,N
2021,Boston Celtics,36,36,0.5,13.0,112.6,111.2,1.32,Y,N
2021,Washington Wizards,34,38,0.47200000000000003,15.0,116.6,118.5,-1.85,Y,Y
2021,Indiana Pacers,34,38,0.47200000000000003,15.0,115.3,115.3,-0.13,N,Y
2021,Charlotte Hornets,33,39,0.45799999999999996,16.0,109.5,111.4,-1.94,N,Y
2021,Chicago Bulls,31,41,0.431,18.0,110.7,111.6,-0.94,N,Y
2021,Toronto Raptors,27,45,0.375,22.0,111.3,111.7,-0.54,N,Y
2021,Cleveland Cavaliers,22,50,0.306,27.0,103.8,112.3,-8.19,N,Y
2021,Orlando Magic,21,51,0.292,28.0,104.0,113.3,-9.02,N,Y
2021,Detroit Pistons,20,52,0.278,29.0,106.6,111.1,-4.38,N,Y
2021,Utah Jazz,52,20,0.722,—,116.4,107.2,8.97,Y,N
2021,Phoenix Suns,51,21,0.708,1.0,115.3,109.5,5.67,Y,N
2021,Denver Nuggets,47,25,0.653,5.0,115.1,110.1,4.82,Y,N
2021,Los Angeles Clippers,47,25,0.653,5.0,114.0,107.8,6.02,Y,N
2021,Dallas Mavericks,42,30,0.583,10.0,112.4,110.2,2.26,Y,N
2021,Portland Trail Blazers,42,30,0.583,10.0,116.1,114.3,1.81,Y,N
2021,Los Angeles Lakers,42,30,0.583,10.0,109.5,106.8,2.77,Y,N
2021,Golden State Warriors,39,33,0.542,13.0,113.7,112.7,1.1,N,N
2021,Memphis Grizzlies,38,34,0.528,14.0,113.3,112.3,1.07,Y,N
2021,San Antonio Spurs,33,39,0.45799999999999996,19.0,111.1,112.8,-1.58,N,Y
2021,New Orleans Pelicans,31,41,0.431,21.0,114.6,114.9,-0.2,N,Y
2021,Sacramento Kings,31,41,0.431,21.0,113.7,117.4,-3.45,N,Y
2021,Minnesota Timberwolves,23,49,0.319,29.0,112.1,117.7,-5.25,N,Y
2021,Oklahoma City Thunder,22,50,0.306,30.0,105.0,115.6,-10.13,N,Y
2021,Houston Rockets,17,55,0.23600000000000002,35.0,108.8,116.7,-7.5,N,Y
2022,Miami Heat,53,29,0.6459999999999999,—,110.0,105.6,4.23,Y,N
2022,Boston Celtics,51,31,0.622,2.0,111.8,104.5,7.02,Y,N
2022,Milwaukee Bucks,51,31,0.622,2.0,115.5,112.1,3.22,Y,N
2022,Philadelphia 76ers,51,31,0.622,2.0,109.9,107.3,2.57,Y,N
2022,Toronto Raptors,48,34,0.585,5.0,109.4,107.1,2.38,Y,N
2022,Chicago Bulls,46,36,0.561,7.0,111.6,112.0,-0.38,Y,N
2022,Brooklyn Nets,44,38,0.537,9.0,112.9,112.1,0.82,Y,N
2022,Cleveland Cavaliers,44,38,0.537,9.0,107.8,105.7,2.04,N,N
2022,Atlanta Hawks,43,39,0.524,10.0,113.9,112.4,1.55,Y,N
2022,Charlotte Hornets,43,39,0.524,10.0,115.3,114.9,0.53,N,N
2022,New York Knicks,37,45,0.451,16.0,106.5,106.6,-0.01,N,Y
2022,Washington Wizards,35,47,0.42700000000000005,18.0,108.6,112.0,-3.23,N,Y
2022,Indiana Pacers,25,57,0.305,28.0,111.5,114.9,-3.26,N,Y
2022,Detroit Pistons,23,59,0.28,30.0,104.8,112.5,-7.36,N,Y
2022,Orlando Magic,22,60,0.268,31.0,104.2,112.2,-7.67,N,Y
2022,Phoenix Suns,64,18,0.78,—,114.8,107.3,6.94,Y,N
2022,Memphis Grizzlies,56,26,0.6829999999999999,8.0,115.6,109.9,5.37,Y,N
2022,Golden State Warriors,53,29,0.6459999999999999,11.0,111.0,105.5,5.52,Y,N
2022,Dallas Mavericks,52,30,0.634,12.0,108.0,104.7,3.12,Y,N
2022,Utah Jazz,49,33,0.598,15.0,113.6,107.6,5.67,Y,N
2022,Denver Nuggets,48,34,0.585,16.0,112.7,110.4,2.16,Y,N
2022,Minnesota Timberwolves,46,36,0.561,18.0,115.9,113.3,2.53,Y,N
2022,Los Angeles Clippers,42,40,0.512,22.0,108.4,108.4,0.09,N,N
2022,New Orleans Pelicans,36,46,0.439,28.0,109.3,110.3,-0.84,Y,Y
2022,San Antonio Spurs,34,48,0.415,30.0,113.2,113.0,0.02,N,Y
2022,Los Angeles Lakers,33,49,0.402,31.0,112.1,115.1,-3.08,N,Y
2022,Sacramento Kings,30,52,0.366,34.0,110.3,115.8,-5.26,N,Y
2022,Portland Trail Blazers,27,55,0.32899999999999996,37.0,106.2,115.1,-8.55,N,Y
2022,Oklahoma City Thunder,24,58,0.293,40.0,103.7,111.8,-7.9,N,Y
2022,Houston Rockets,20,62,0.244,44.0,109.7,118.2,-8.26,N,Y
2023,Milwaukee Bucks (1) ,58,24,0.7070000000000001,—,116.9,113.3,3.61,Y,N
2023,Boston Celtics (2) ,57,25,0.695,1.0,117.9,111.4,6.38,Y,N
2023,Philadelphia 76ers (3) ,54,28,0.659,4.0,115.2,110.9,4.37,Y,N
2023,Cleveland Cavaliers (4) ,51,31,0.622,7.0,112.3,106.9,5.23,Y,N
2023,New York Knicks (5) ,47,35,0.573,11.0,116.0,113.1,2.99,Y,N
2023,Brooklyn Nets (6) ,45,37,0.5489999999999999,13.0,113.4,112.5,1.03,Y,N
2023,Miami Heat (7) ,44,38,0.537,14.0,109.5,109.8,-0.13,Y,N
2023,Atlanta Hawks (8) ,41,41,0.5,17.0,118.4,118.1,0.32,Y,N
2023,Toronto Raptors (9) ,41,41,0.5,17.0,112.9,111.4,1.59,Y,N
2023,Chicago Bulls (10) ,40,42,0.488,18.0,113.1,111.8,1.37,Y,Y
2023,Indiana Pacers (11) ,35,47,0.42700000000000005,23.0,116.3,119.5,-2.91,N,Y
2023,Washington Wizards (12) ,35,47,0.42700000000000005,23.0,113.2,114.4,-1.06,N,Y
2023,Orlando Magic (13) ,34,48,0.415,24.0,111.4,114.0,-2.39,N,Y
2023,Charlotte Hornets (14) ,27,55,0.32899999999999996,31.0,111.0,117.2,-5.89,N,Y
2023,Detroit Pistons (15) ,17,65,0.207,41.0,110.3,118.5,-7.73,N,Y
2023,Denver Nuggets (1) ,53,29,0.6459999999999999,—,115.8,112.5,3.04,Y,N
2023,Memphis Grizzlies (2) ,51,31,0.622,2.0,116.9,113.0,3.6,Y,N
2023,Sacramento Kings (3) ,48,34,0.585,5.0,120.7,118.1,2.3,Y,N
2023,Phoenix Suns (4) ,45,37,0.5489999999999999,8.0,113.6,111.6,2.08,Y,N
2023,Los Angeles Clippers (5) ,44,38,0.537,9.0,113.6,113.1,0.31,Y,N
2023,Golden State Warriors (6) ,44,38,0.537,9.0,118.9,117.1,1.66,Y,N
2023,Los Angeles Lakers (7) ,43,39,0.524,10.0,117.2,116.6,0.43,Y,N
2023,Minnesota Timberwolves (8) ,42,40,0.512,11.0,115.8,115.8,-0.22,Y,N
2023,New Orleans Pelicans (9) ,42,40,0.512,11.0,114.4,112.5,1.63,Y,N
2023,Oklahoma City Thunder (10) ,40,42,0.488,13.0,117.5,116.4,0.96,Y,Y
2023,Dallas Mavericks (11) ,38,44,0.46299999999999997,15.0,114.2,114.1,-0.14,N,Y
2023,Utah Jazz (12) ,37,45,0.451,16.0,117.1,118.0,-1.03,N,Y
2023,Portland Trail Blazers (13) ,33,49,0.402,20.0,113.4,117.4,-3.96,N,Y
2023,Houston Rockets (14) ,22,60,0.268,31.0,110.7,118.6,-7.62,N,Y
2023,San Antonio Spurs (15) ,22,60,0.268,31.0,113.0,123.1,-9.82,N,Y
1980,Boston Celtics,61,21,0.7440000000000001,—,113.5,105.7,7.37,Y,N
1980,Philadelphia 76ers,59,23,0.72,2.0,109.1,104.9,4.04,Y,N
1980,Washington Bullets,39,43,0.47600000000000003,22.0,107.0,109.5,-2.27,Y,Y
1980,New York Knicks,39,43,0.47600000000000003,22.0,114.0,115.1,-0.96,N,Y
1980,New Jersey Nets,34,48,0.415,27.0,108.3,109.5,-0.98,N,Y
1980,Atlanta Hawks,50,32,0.61,—,104.5,101.6,2.83,Y,N
1980,Houston Rockets,41,41,0.5,9.0,110.8,110.6,0.27,Y,N
1980,San Antonio Spurs,41,41,0.5,9.0,119.4,119.7,-0.24,Y,N
1980,Indiana Pacers,37,45,0.451,13.0,111.2,111.9,-0.54,N,Y
1980,Cleveland Cavaliers,37,45,0.451,13.0,114.1,113.8,0.43,N,Y
1980,Detroit Pistons,16,66,0.195,34.0,108.9,117.2,-7.57,N,Y
1980,Milwaukee Bucks,49,33,0.598,—,110.1,106.1,3.57,Y,N
1980,Kansas City Kings,47,35,0.573,2.0,108.0,104.9,2.82,Y,N
1980,Denver Nuggets,30,52,0.366,19.0,108.3,112.7,-4.22,N,Y
1980,Chicago Bulls,30,52,0.366,19.0,107.5,110.2,-2.63,N,Y
1980,Utah Jazz,24,58,0.293,25.0,102.4,108.4,-5.71,N,Y
1980,Los Angeles Lakers,60,22,0.732,—,115.1,109.2,5.4,Y,N
1980,Seattle SuperSonics,56,26,0.6829999999999999,4.0,108.5,103.8,4.24,Y,N
1980,Phoenix Suns,55,27,0.6709999999999999,5.0,111.1,107.5,3.25,Y,N
1980,Portland Trail Blazers,38,44,0.46299999999999997,22.0,102.5,103.3,-0.87,Y,Y
1980,San Diego Clippers,35,47,0.42700000000000005,25.0,107.6,111.7,-3.97,N,Y
1980,Golden State Warriors,24,58,0.293,36.0,103.6,108.0,-4.2,N,Y
1981,Boston Celtics,62,20,0.7559999999999999,—,109.9,104.0,6.05,Y,N
1981,Philadelphia 76ers,62,20,0.7559999999999999,—,111.7,103.8,7.76,Y,N
1981,New York Knicks,50,32,0.61,12.0,107.9,106.3,2.0,Y,N
1981,Washington Bullets,39,43,0.47600000000000003,23.0,105.6,105.6,0.42,N,Y
1981,New Jersey Nets,24,58,0.293,38.0,106.9,113.0,-5.15,N,Y
1981,Milwaukee Bucks,60,22,0.732,—,113.1,105.9,7.14,Y,N
1981,Chicago Bulls,45,37,0.5489999999999999,15.0,109.0,107.0,2.34,Y,N
1981,Indiana Pacers,44,38,0.537,16.0,107.6,106.2,1.72,Y,N
1981,Atlanta Hawks,31,51,0.37799999999999995,29.0,104.9,108.0,-2.37,N,Y
1981,Cleveland Cavaliers,28,54,0.341,32.0,105.7,110.6,-4.15,N,Y
1981,Detroit Pistons,21,61,0.256,39.0,99.7,106.0,-5.58,N,Y
1981,San Antonio Spurs,52,30,0.634,—,112.3,109.4,2.18,Y,N
1981,Kansas City Kings,40,42,0.488,12.0,106.9,106.9,-0.49,Y,Y
1981,Houston Rockets,40,42,0.488,12.0,108.3,107.9,-0.2,Y,Y
1981,Denver Nuggets,37,45,0.451,15.0,121.8,122.3,-0.95,N,Y
1981,Utah Jazz,28,54,0.341,24.0,101.2,107.1,-5.99,N,Y
1981,Dallas Mavericks,15,67,0.183,37.0,101.5,109.9,-8.33,N,Y
1981,Phoenix Suns,57,25,0.695,—,110.0,104.5,4.83,Y,N
1981,Los Angeles Lakers,54,28,0.659,3.0,111.2,107.3,3.27,Y,N
1981,Portland Trail Blazers,45,37,0.5489999999999999,12.0,110.7,109.8,0.52,Y,N
1981,Golden State Warriors,39,43,0.47600000000000003,18.0,109.8,111.0,-1.41,N,Y
1981,San Diego Clippers,36,46,0.439,21.0,106.5,108.1,-1.78,N,Y
1981,Seattle SuperSonics,34,48,0.415,23.0,104.0,105.7,-1.84,N,Y
1982,Boston Celtics,63,19,0.768,—,112.0,105.6,6.35,Y,N
1982,Philadelphia 76ers,58,24,0.7070000000000001,5.0,111.2,105.5,5.74,Y,N
1982,New Jersey Nets,44,38,0.537,19.0,106.7,106.0,0.87,Y,N
1982,Washington Bullets,43,39,0.524,20.0,103.5,102.6,1.06,Y,N
1982,New York Knicks,33,49,0.402,30.0,106.2,108.9,-2.15,N,Y
1982,Milwaukee Bucks,55,27,0.6709999999999999,—,108.4,102.9,5.38,Y,N
1982,Atlanta Hawks,42,40,0.512,13.0,101.0,100.5,0.81,Y,N
1982,Detroit Pistons,39,43,0.47600000000000003,16.0,111.1,112.0,-0.63,N,Y
1982,Indiana Pacers,35,47,0.42700000000000005,20.0,102.2,104.0,-1.49,N,Y
1982,Chicago Bulls,34,48,0.415,21.0,106.6,108.6,-1.57,N,Y
1982,Cleveland Cavaliers,15,67,0.183,40.0,103.2,111.7,-7.77,N,Y
1982,San Antonio Spurs,48,34,0.585,—,113.1,110.8,1.79,Y,N
1982,Denver Nuggets,46,36,0.561,2.0,126.5,126.0,0.13,Y,N
1982,Houston Rockets,46,36,0.561,2.0,105.9,105.9,-0.39,Y,N
1982,Kansas City Kings,30,52,0.366,18.0,107.1,110.2,-3.25,N,Y
1982,Dallas Mavericks,28,54,0.341,20.0,104.6,109.0,-4.48,N,Y
1982,Utah Jazz,25,57,0.305,23.0,110.9,116.6,-5.63,N,Y
1982,Los Angeles Lakers,57,25,0.695,—,114.6,109.8,4.37,Y,N
1982,Seattle SuperSonics,52,30,0.634,5.0,107.3,103.1,3.69,Y,N
1982,Phoenix Suns,46,36,0.561,11.0,106.2,102.7,3.05,Y,N
1982,Golden State Warriors,45,37,0.5489999999999999,12.0,110.9,109.8,0.8,N,N
1982,Portland Trail Blazers,42,40,0.512,15.0,109.8,109.2,0.39,N,N
1982,San Diego Clippers,17,65,0.207,40.0,108.5,115.9,-7.05,N,Y
1983,Philadelphia 76ers,65,17,0.7929999999999999,—,112.1,104.4,7.53,Y,N
1983,Boston Celtics,56,26,0.6829999999999999,9.0,112.1,106.7,5.34,Y,N
1983,New Jersey Nets,49,33,0.598,16.0,105.8,103.0,2.77,Y,N
1983,New York Knicks,44,38,0.537,21.0,100.0,97.5,2.58,Y,N
1983,Washington Bullets,42,40,0.512,23.0,99.2,99.3,0.2,N,N
1983,Milwaukee Bucks,51,31,0.622,—,106.6,102.2,4.32,Y,N
1983,Atlanta Hawks,43,39,0.524,8.0,101.6,102.6,-0.72,Y,N
1983,Detroit Pistons,37,45,0.451,14.0,112.7,113.1,-0.17,N,Y
1983,Chicago Bulls,28,54,0.341,23.0,111.0,115.9,-4.41,N,Y
1983,Cleveland Cavaliers,23,59,0.28,28.0,97.1,104.6,-6.78,N,Y
1983,Indiana Pacers,20,62,0.244,31.0,108.7,114.5,-5.36,N,Y
1983,San Antonio Spurs,53,29,0.6459999999999999,—,114.3,110.7,3.1,Y,N
1983,Denver Nuggets,45,37,0.5489999999999999,8.0,123.2,122.6,0.27,Y,N
1983,Kansas City Kings,45,37,0.5489999999999999,8.0,113.8,112.3,1.04,N,N
1983,Dallas Mavericks,38,44,0.46299999999999997,15.0,112.7,113.1,-0.7,N,Y
1983,Utah Jazz,30,52,0.366,23.0,109.0,113.2,-4.22,N,Y
1983,Houston Rockets,14,68,0.171,39.0,99.3,110.9,-11.12,N,Y
1983,Los Angeles Lakers,58,24,0.7070000000000001,—,115.0,109.5,5.06,Y,N
1983,Phoenix Suns,53,29,0.6459999999999999,5.0,107.0,102.0,4.61,Y,N
1983,Seattle SuperSonics,48,34,0.585,10.0,110.0,106.8,2.88,Y,N
1983,Portland Trail Blazers,46,36,0.561,12.0,107.4,105.3,1.88,Y,N
1983,Golden State Warriors,30,52,0.366,28.0,108.6,112.3,-3.48,N,Y
1983,San Diego Clippers,25,57,0.305,33.0,108.6,113.4,-4.61,N,Y
1984,Boston Celtics,62,20,0.7559999999999999,—,112.1,105.6,6.42,Y,N
1984,Philadelphia 76ers,52,30,0.634,10.0,107.8,105.6,2.39,Y,N
1984,New York Knicks,47,35,0.573,15.0,106.9,103.0,3.79,Y,N
1984,New Jersey Nets,45,37,0.5489999999999999,17.0,110.0,108.9,1.27,Y,N
1984,Washington Bullets,35,47,0.42700000000000005,27.0,102.7,105.6,-2.36,Y,Y
1984,Milwaukee Bucks,50,32,0.61,—,105.7,101.5,4.04,Y,N
1984,Detroit Pistons,49,33,0.598,1.0,117.1,113.5,3.52,Y,N
1984,Atlanta Hawks,40,42,0.488,10.0,101.5,102.8,-1.08,Y,Y
1984,Cleveland Cavaliers,28,54,0.341,22.0,102.3,106.5,-3.71,N,Y
1984,Chicago Bulls,27,55,0.32899999999999996,23.0,103.7,108.9,-4.69,N,Y
1984,Indiana Pacers,26,56,0.317,24.0,104.5,109.3,-4.25,N,Y
1984,Utah Jazz,45,37,0.5489999999999999,—,115.0,113.8,0.81,Y,N
1984,Dallas Mavericks,43,39,0.524,2.0,110.4,110.0,0.15,Y,N
1984,Denver Nuggets,38,44,0.46299999999999997,7.0,123.7,124.8,-1.27,Y,Y
1984,Kansas City Kings,38,44,0.46299999999999997,7.0,110.0,111.5,-1.62,Y,Y
1984,San Antonio Spurs,37,45,0.451,8.0,120.3,120.5,-0.5,N,Y
1984,Houston Rockets,29,53,0.354,16.0,110.6,113.7,-3.12,N,Y
1984,Los Angeles Lakers,54,28,0.659,—,115.6,111.8,3.32,Y,N
1984,Portland Trail Blazers,48,34,0.585,6.0,113.1,109.6,3.13,Y,N
1984,Seattle SuperSonics,42,40,0.512,12.0,108.1,108.3,-0.34,Y,N
1984,Phoenix Suns,41,41,0.5,13.0,111.0,110.1,0.65,Y,N
1984,Golden State Warriors,37,45,0.451,17.0,109.9,113.3,-3.35,N,Y
1984,San Diego Clippers,30,52,0.366,24.0,110.7,114.0,-3.21,N,Y
1985,Boston Celtics,63,19,0.768,—,114.8,108.1,6.47,Y,N
1985,Philadelphia 76ers,58,24,0.7070000000000001,5.0,112.9,108.8,4.17,Y,N
1985,New Jersey Nets,42,40,0.512,21.0,109.5,109.2,0.64,Y,N
1985,Washington Bullets,40,42,0.488,23.0,105.5,105.8,0.15,Y,Y
1985,New York Knicks,24,58,0.293,39.0,105.2,109.8,-4.09,N,Y
1985,Milwaukee Bucks,59,23,0.72,—,110.9,104.0,6.69,Y,N
1985,Detroit Pistons,46,36,0.561,13.0,116.0,113.5,2.73,Y,N
1985,Chicago Bulls,38,44,0.46299999999999997,21.0,108.7,109.6,-0.5,Y,Y
1985,Cleveland Cavaliers,36,46,0.439,23.0,108.6,111.3,-2.27,Y,Y
1985,Atlanta Hawks,34,48,0.415,25.0,106.6,108.1,-1.14,N,Y
1985,Indiana Pacers,22,60,0.268,37.0,108.3,114.5,-5.46,N,Y
1985,Denver Nuggets,52,30,0.634,—,120.0,117.6,2.05,Y,N
1985,Houston Rockets,48,34,0.585,4.0,111.2,109.5,1.38,Y,N
1985,Dallas Mavericks,44,38,0.537,8.0,111.2,109.0,1.8,Y,N
1985,Utah Jazz,41,41,0.5,11.0,109.0,109.1,-0.33,Y,N
1985,San Antonio Spurs,41,41,0.5,11.0,114.8,113.9,0.63,Y,N
1985,Kansas City Kings,31,51,0.37799999999999995,21.0,114.8,117.5,-2.71,N,Y
1985,Los Angeles Lakers,62,20,0.7559999999999999,—,118.2,110.9,6.48,Y,N
1985,Portland Trail Blazers,42,40,0.512,20.0,115.5,112.1,2.8,Y,N
1985,Phoenix Suns,36,46,0.439,26.0,108.0,110.1,-2.34,Y,Y
1985,Seattle SuperSonics,31,51,0.37799999999999995,31.0,102.1,107.6,-5.44,N,Y
1985,Los Angeles Clippers,31,51,0.37799999999999995,31.0,107.1,111.6,-4.55,N,Y
1985,Golden State Warriors,22,60,0.268,40.0,110.4,117.7,-7.21,N,Y
1986,Boston Celtics,67,15,0.8170000000000001,—,114.1,104.7,9.06,Y,N
1986,Philadelphia 76ers,54,28,0.659,13.0,110.4,108.0,2.46,Y,N
1986,Washington Bullets,39,43,0.47600000000000003,28.0,103.0,104.8,-1.28,Y,Y
1986,New Jersey Nets,39,43,0.47600000000000003,28.0,109.1,111.1,-1.39,Y,Y
1986,New York Knicks,23,59,0.28,44.0,98.7,104.3,-4.82,N,Y
1986,Milwaukee Bucks,57,25,0.695,—,114.5,105.5,8.69,Y,N
1986,Atlanta Hawks,50,32,0.61,7.0,108.6,106.2,2.59,Y,N
1986,Detroit Pistons,46,36,0.561,11.0,114.2,113.0,1.44,Y,N
1986,Chicago Bulls,30,52,0.366,27.0,109.3,113.1,-3.12,Y,Y
1986,Cleveland Cavaliers,29,53,0.354,28.0,107.8,110.6,-2.19,N,Y
1986,Indiana Pacers,26,56,0.317,31.0,103.9,107.2,-2.66,N,Y
1986,Houston Rockets,51,31,0.622,—,114.4,111.8,2.1,Y,N
1986,Denver Nuggets,47,35,0.573,4.0,114.8,113.5,0.89,Y,N
1986,Dallas Mavericks,44,38,0.537,7.0,115.3,114.2,0.7,Y,N
1986,Utah Jazz,42,40,0.512,9.0,108.2,108.5,-0.67,Y,N
1986,Sacramento Kings,37,45,0.451,14.0,108.8,111.9,-3.19,Y,Y
1986,San Antonio Spurs,35,47,0.42700000000000005,16.0,111.2,113.1,-2.06,Y,Y
1986,Los Angeles Lakers,62,20,0.7559999999999999,—,117.3,109.5,6.84,Y,N
1986,Portland Trail Blazers,40,42,0.488,22.0,115.1,114.0,0.61,Y,Y
1986,Phoenix Suns,32,50,0.39,30.0,110.0,113.0,-3.16,N,Y
1986,Los Angeles Clippers,32,50,0.39,30.0,108.6,115.5,-6.83,N,Y
1986,Seattle SuperSonics,31,51,0.37799999999999995,31.0,104.4,104.5,-0.47,N,Y
1986,Golden State Warriors,30,52,0.366,32.0,113.4,116.9,-3.59,N,Y
1987,Boston Celtics,59,23,0.72,—,112.6,106.0,6.57,Y,N
1987,Philadelphia 76ers,45,37,0.5489999999999999,14.0,106.5,106.6,0.11,Y,N
1987,Washington Bullets,42,40,0.512,17.0,106.0,107.3,-1.02,Y,N
1987,New Jersey Nets,24,58,0.293,35.0,108.5,113.5,-4.42,N,Y
1987,New York Knicks,24,58,0.293,35.0,103.8,110.0,-5.42,N,Y
1987,Atlanta Hawks,57,25,0.695,—,110.0,102.8,7.18,Y,N
1987,Detroit Pistons,52,30,0.634,5.0,111.2,107.8,3.51,Y,N
1987,Milwaukee Bucks,50,32,0.61,7.0,110.4,106.5,4.04,Y,N
1987,Indiana Pacers,41,41,0.5,16.0,106.1,106.7,-0.17,Y,N
1987,Chicago Bulls,40,42,0.488,17.0,104.8,103.9,1.26,Y,Y
1987,Cleveland Cavaliers,31,51,0.37799999999999995,26.0,104.4,108.2,-3.19,N,Y
1987,Dallas Mavericks,55,27,0.6709999999999999,—,116.7,110.4,5.54,Y,N
1987,Utah Jazz,44,38,0.537,11.0,107.9,107.5,0.04,Y,N
1987,Houston Rockets,42,40,0.512,13.0,106.9,105.9,0.6,Y,N
1987,Denver Nuggets,37,45,0.451,18.0,116.7,117.6,-1.14,Y,Y
1987,Sacramento Kings,29,53,0.354,26.0,110.9,114.1,-3.34,N,Y
1987,San Antonio Spurs,28,54,0.341,27.0,108.3,113.4,-5.09,N,Y
1987,Los Angeles Lakers,65,17,0.7929999999999999,—,117.8,108.5,8.32,Y,N
1987,Portland Trail Blazers,49,33,0.598,16.0,117.9,114.8,2.57,Y,N
1987,Golden State Warriors,42,40,0.512,23.0,112.0,114.4,-2.54,Y,N
1987,Seattle SuperSonics,39,43,0.47600000000000003,26.0,113.7,113.3,0.08,Y,Y
1987,Phoenix Suns,36,46,0.439,29.0,111.1,113.5,-2.63,N,Y
1987,Los Angeles Clippers,12,70,0.146,53.0,104.5,115.9,-11.0,N,Y
1988,Boston Celtics,57,25,0.695,—,113.6,107.7,6.15,Y,N
1988,Washington Bullets,38,44,0.46299999999999997,19.0,105.5,106.3,-0.16,Y,Y
1988,New York Knicks,38,44,0.46299999999999997,19.0,105.5,106.0,0.14,Y,Y
1988,Philadelphia 76ers,36,46,0.439,21.0,105.7,107.1,-0.79,N,Y
1988,New Jersey Nets,19,63,0.23199999999999998,38.0,100.4,108.5,-6.98,N,Y
1988,Detroit Pistons,54,28,0.659,—,109.2,104.1,5.46,Y,N
1988,Chicago Bulls,50,32,0.61,4.0,105.0,101.6,3.76,Y,N
1988,Atlanta Hawks,50,32,0.61,4.0,107.9,104.3,4.02,Y,N
1988,Milwaukee Bucks,42,40,0.512,12.0,106.1,105.5,1.21,Y,N
1988,Cleveland Cavaliers,42,40,0.512,12.0,104.5,103.7,1.28,Y,N
1988,Indiana Pacers,38,44,0.46299999999999997,16.0,104.6,105.4,-0.18,N,Y
1988,Denver Nuggets,54,28,0.659,—,116.7,112.7,3.32,Y,N
1988,Dallas Mavericks,53,29,0.6459999999999999,1.0,109.3,104.9,3.59,Y,N
1988,Utah Jazz,47,35,0.573,7.0,108.5,104.8,2.96,Y,N
1988,Houston Rockets,46,36,0.561,8.0,109.0,107.6,0.82,Y,N
1988,San Antonio Spurs,31,51,0.37799999999999995,23.0,113.6,118.5,-5.02,Y,Y
1988,Sacramento Kings,24,58,0.293,30.0,108.0,113.7,-5.84,N,Y
1988,Los Angeles Lakers,62,20,0.7559999999999999,—,112.8,107.0,4.81,Y,N
1988,Portland Trail Blazers,53,29,0.6459999999999999,9.0,116.1,111.5,3.59,Y,N
1988,Seattle SuperSonics,44,38,0.537,18.0,111.4,109.3,1.29,Y,N
1988,Phoenix Suns,28,54,0.341,34.0,108.5,113.0,-4.8,N,Y
1988,Golden State Warriors,20,62,0.244,42.0,107.0,115.3,-8.38,N,Y
1988,Los Angeles Clippers,17,65,0.207,45.0,98.8,109.1,-10.24,N,Y
1989,New York Knicks,52,30,0.634,—,116.7,112.9,3.62,Y,N
1989,Philadelphia 76ers,46,36,0.561,6.0,111.9,110.4,1.68,Y,N
1989,Boston Celtics,42,40,0.512,10.0,109.2,108.1,1.26,Y,N
1989,Washington Bullets,40,42,0.488,12.0,108.3,110.4,-1.77,N,Y
1989,New Jersey Nets,26,56,0.317,26.0,103.7,110.1,-5.69,N,Y
1989,Charlotte Hornets,20,62,0.244,32.0,104.5,113.0,-7.74,N,Y
1989,Detroit Pistons,63,19,0.768,—,106.6,100.8,6.24,Y,N
1989,Cleveland Cavaliers,57,25,0.695,6.0,108.8,101.2,7.95,Y,N
1989,Atlanta Hawks,52,30,0.634,11.0,111.0,106.1,5.26,Y,N
1989,Milwaukee Bucks,49,33,0.598,14.0,108.9,105.3,4.11,Y,N
1989,Chicago Bulls,47,35,0.573,16.0,106.4,105.0,2.13,Y,N
1989,Indiana Pacers,28,54,0.341,35.0,106.9,111.1,-3.0,N,Y
1989,Utah Jazz,51,31,0.622,—,104.7,99.7,4.01,Y,N
1989,Houston Rockets,45,37,0.5489999999999999,6.0,108.5,107.5,0.22,Y,N
1989,Denver Nuggets,44,38,0.537,7.0,118.0,116.3,0.91,Y,N
1989,Dallas Mavericks,38,44,0.46299999999999997,13.0,103.5,104.7,-1.79,N,Y
1989,San Antonio Spurs,21,61,0.256,30.0,105.5,112.8,-7.45,N,Y
1989,Miami Heat,15,67,0.183,36.0,97.8,109.0,-11.13,N,Y
1989,Los Angeles Lakers,57,25,0.695,—,114.7,107.5,6.38,Y,N
1989,Phoenix Suns,55,27,0.6709999999999999,2.0,118.6,110.9,6.84,Y,N
1989,Seattle SuperSonics,47,35,0.573,10.0,112.1,109.2,2.44,Y,N
1989,Golden State Warriors,43,39,0.524,14.0,116.6,116.9,-0.59,Y,N
1989,Portland Trail Blazers,39,43,0.47600000000000003,18.0,114.6,113.1,0.92,Y,Y
1989,Sacramento Kings,27,55,0.32899999999999996,30.0,105.5,111.0,-5.35,N,Y
1989,Los Angeles Clippers,21,61,0.256,36.0,106.2,116.2,-9.5,N,Y
1990,Philadelphia 76ers,53,29,0.6459999999999999,—,110.2,105.2,4.23,Y,N
1990,Boston Celtics,52,30,0.634,1.0,110.0,106.0,3.23,Y,N
1990,New York Knicks,45,37,0.5489999999999999,8.0,108.3,106.9,0.78,Y,N
1990,Washington Bullets,31,51,0.37799999999999995,22.0,107.7,109.9,-2.43,N,Y
1990,Miami Heat,18,64,0.22,35.0,100.6,110.3,-9.59,N,Y
1990,New Jersey Nets,17,65,0.207,36.0,100.1,108.0,-7.82,N,Y
1990,Detroit Pistons,59,23,0.72,—,104.3,98.3,5.41,Y,N
1990,Chicago Bulls,55,27,0.6709999999999999,4.0,109.5,106.2,2.74,Y,N
1990,Milwaukee Bucks,44,38,0.537,15.0,106.0,106.8,-1.06,Y,N
1990,Cleveland Cavaliers,42,40,0.512,17.0,102.6,102.9,-0.62,Y,N
1990,Indiana Pacers,42,40,0.512,17.0,109.3,109.1,-0.18,Y,N
1990,Atlanta Hawks,41,41,0.5,18.0,108.5,107.5,0.64,N,N
1990,Orlando Magic,18,64,0.22,41.0,110.9,119.8,-8.73,N,Y
1990,San Antonio Spurs,56,26,0.6829999999999999,—,106.3,102.8,3.58,Y,N
1990,Utah Jazz,55,27,0.6709999999999999,1.0,106.8,102.0,4.82,Y,N
1990,Dallas Mavericks,47,35,0.573,9.0,102.2,102.2,0.42,Y,N
1990,Denver Nuggets,43,39,0.524,13.0,114.6,113.2,1.56,Y,N
1990,Houston Rockets,41,41,0.5,15.0,106.7,105.3,1.71,Y,N
1990,Minnesota Timberwolves,22,60,0.268,34.0,95.2,99.4,-3.6,N,Y
1990,Charlotte Hornets,19,63,0.23199999999999998,37.0,100.4,108.2,-7.0,N,Y
1990,Los Angeles Lakers,63,19,0.768,—,110.7,103.9,6.74,Y,N
1990,Portland Trail Blazers,59,23,0.72,4.0,114.2,107.9,6.48,Y,N
1990,Phoenix Suns,54,28,0.659,9.0,114.9,107.8,7.09,Y,N
1990,Seattle SuperSonics,41,41,0.5,22.0,106.9,105.9,1.4,N,N
1990,Golden State Warriors,37,45,0.451,26.0,116.3,119.4,-2.55,N,Y
1990,Los Angeles Clippers,30,52,0.366,33.0,103.8,107.2,-2.8,N,Y
1990,Sacramento Kings,23,59,0.28,40.0,101.7,106.8,-4.41,N,Y
